,ID,Pred
1,2025_1103_1104,0.14697673175186463
2,2025_1103_1106,0.5941236485573205
3,2025_1104_1106,0.915472927573531
4,2025_1103_1110,0.5996654302144383
5,2025_1104_1110,0.9207520552826342
6,2025_1106_1110,0.5023364809365398
7,2025_1103_1112,0.25970256735586256
8,2025_1104_1112,0.6226979308674034
9,2025_1106_1112,0.12990774741094616
10,2025_1110_1112,0.10749546489773294
11,2025_1103_1116,0.3868189268041295
12,2025_1104_1116,0.7346345051042996
13,2025_1106_1116,0.35231018549134446
14,2025_1110_1116,0.3104448379995677
15,2025_1112_1116,0.6545110179982317
16,2025_1103_1120,0.06990822644212627
17,2025_1104_1120,0.32703251919377857
18,2025_1106_1120,0.0351570757701394
19,2025_1110_1120,0.036451158368126145
20,2025_1112_1120,0.2634965466197645
21,2025_1116_1120,0.1075214251225211
22,2025_1103_1124,0.3141304884616984
23,2025_1104_1124,0.5968981812085523
24,2025_1106_1124,0.25908612622860877
25,2025_1110_1124,0.2293865613542775
26,2025_1112_1124,0.5343358060968341
27,2025_1116_1124,0.4156814602124134
28,2025_1120_1124,0.8009878817383592
29,2025_1103_1136,0.5618565451805818
30,2025_1104_1136,0.9112930215254126
31,2025_1106_1136,0.4358984767667349
32,2025_1110_1136,0.3988847618446143
33,2025_1112_1136,0.8291098454704402
34,2025_1116_1136,0.6118628465492475
35,2025_1120_1136,0.9687165156703541
36,2025_1124_1136,0.671673787581388
37,2025_1103_1140,0.24113822301058477
38,2025_1104_1140,0.5869764209136633
39,2025_1106_1140,0.16455087795205894
40,2025_1110_1140,0.1393216008277202
41,2025_1112_1140,0.5244552269592014
42,2025_1116_1140,0.3340295745864133
43,2025_1120_1140,0.7396115286446147
44,2025_1124_1140,0.41613999923405337
45,2025_1136_1140,0.19432547280520726
46,2025_1103_1155,0.21172507606251278
47,2025_1104_1155,0.5658713120184098
48,2025_1106_1155,0.09686827857401974
49,2025_1110_1155,0.08483605130288006
50,2025_1112_1155,0.48193167747335197
51,2025_1116_1155,0.31880537266738546
52,2025_1120_1155,0.7232694006198374
53,2025_1124_1155,0.3963661741930098
54,2025_1136_1155,0.18553093735082285
55,2025_1140_1155,0.461715021237138
56,2025_1103_1161,0.45026551238420276
57,2025_1104_1161,0.7439199746392479
58,2025_1106_1161,0.3753692729228562
59,2025_1110_1161,0.3620329485773041
60,2025_1112_1161,0.6838650804097847
61,2025_1116_1161,0.5501926086250111
62,2025_1120_1161,0.9164925180618688
63,2025_1124_1161,0.6331807004255748
64,2025_1136_1161,0.39551718193915214
65,2025_1140_1161,0.6851688191336384
66,2025_1155_1161,0.7359791232343821
67,2025_1103_1163,0.2507429019285327
68,2025_1104_1163,0.5422477082027499
69,2025_1106_1163,0.19507772335853635
70,2025_1110_1163,0.19105498520903944
71,2025_1112_1163,0.49035968118248513
72,2025_1116_1163,0.3395999573101705
73,2025_1120_1163,0.747443337483198
74,2025_1124_1163,0.43226769966572753
75,2025_1136_1163,0.22497758387097555
76,2025_1140_1163,0.49997576962106033
77,2025_1155_1163,0.5725524978016386
78,2025_1161_1163,0.31823032637184206
79,2025_1103_1166,0.3476079651041795
80,2025_1104_1166,0.6665217344082212
81,2025_1106_1166,0.3086824690644287
82,2025_1110_1166,0.2708782460292512
83,2025_1112_1166,0.5803545554123231
84,2025_1116_1166,0.45442705875141726
85,2025_1120_1166,0.8557141801806281
86,2025_1124_1166,0.5676640997064758
87,2025_1136_1166,0.3592251388044308
88,2025_1140_1166,0.6171348242267728
89,2025_1155_1166,0.6483001817758456
90,2025_1161_1166,0.3979078016691071
91,2025_1163_1166,0.6493440086006391
92,2025_1103_1179,0.3247704762505355
93,2025_1104_1179,0.6328236152130969
94,2025_1106_1179,0.254271458784302
95,2025_1110_1179,0.259660692502134
96,2025_1112_1179,0.5817359879151892
97,2025_1116_1179,0.4274646134596771
98,2025_1120_1179,0.7927743290192136
99,2025_1124_1179,0.5236421142358453
100,2025_1136_1179,0.2979554744332748
101,2025_1140_1179,0.5947133852645391
102,2025_1155_1179,0.6129089266459865
103,2025_1161_1179,0.40458601125959737
104,2025_1163_1179,0.6225578398958462
105,2025_1166_1179,0.4938962297972344
106,2025_1103_1181,0.04964330220072091
107,2025_1104_1181,0.25388896758763624
108,2025_1106_1181,0.045049757436313474
109,2025_1110_1181,0.04747667529843138
110,2025_1112_1181,0.21555535865362455
111,2025_1116_1181,0.08846634543087573
112,2025_1120_1181,0.42845172436144746
113,2025_1124_1181,0.13691757514957079
114,2025_1136_1181,0.03440988677711951
115,2025_1140_1181,0.2230778578749403
116,2025_1155_1181,0.23654604183622516
117,2025_1161_1181,0.07309987871182243
118,2025_1163_1181,0.20134972457212172
119,2025_1166_1181,0.09897609136226367
120,2025_1179_1181,0.1464093842959668
121,2025_1103_1188,0.632496708564091
122,2025_1104_1188,0.933204385334387
123,2025_1106_1188,0.5150684821878159
124,2025_1110_1188,0.4797122185791635
125,2025_1112_1188,0.8804303767691429
126,2025_1116_1188,0.6748144462061659
127,2025_1120_1188,0.9655534152515287
128,2025_1124_1188,0.7447295873189302
129,2025_1136_1188,0.5735251802772138
130,2025_1140_1188,0.8404131015113009
131,2025_1155_1188,0.9253726755192693
132,2025_1161_1188,0.6675385143550399
133,2025_1163_1188,0.8427102722175833
134,2025_1166_1188,0.7178688578471295
135,2025_1179_1188,0.7422111600086199
136,2025_1181_1188,0.9509247054684851
137,2025_1103_1196,0.054047658475401016
138,2025_1104_1196,0.28101733797841805
139,2025_1106_1196,0.03991422213204931
140,2025_1110_1196,0.045386007284806025
141,2025_1112_1196,0.21707940757234737
142,2025_1116_1196,0.08151051960587034
143,2025_1120_1196,0.4552473160395783
144,2025_1124_1196,0.1461850090364455
145,2025_1136_1196,0.03384191039806338
146,2025_1140_1196,0.22936922723644548
147,2025_1155_1196,0.26231381720704894
148,2025_1161_1196,0.07517632483578712
149,2025_1163_1196,0.20428614139572157
150,2025_1166_1196,0.10039889398371656
151,2025_1179_1196,0.15321116952039746
152,2025_1181_1196,0.523399758769214
153,2025_1188_1196,0.04974384460580659
154,2025_1103_1208,0.4013485676992981
155,2025_1104_1208,0.6857655151182303
156,2025_1106_1208,0.33388133708688844
157,2025_1110_1208,0.3012851419767813
158,2025_1112_1208,0.624199633191806
159,2025_1116_1208,0.4991167871888651
160,2025_1120_1208,0.8656304373546208
161,2025_1124_1208,0.5901995622775034
162,2025_1136_1208,0.40137302208578757
163,2025_1140_1208,0.6524146293315877
164,2025_1155_1208,0.6720048858924725
165,2025_1161_1208,0.4336956828804281
166,2025_1163_1208,0.6498072704736604
167,2025_1166_1208,0.5390129852585467
168,2025_1179_1208,0.5675737136878117
169,2025_1181_1208,0.8972762950700028
170,2025_1188_1208,0.3263596352299423
171,2025_1196_1208,0.8961035623039244
172,2025_1103_1211,0.21549274077829458
173,2025_1104_1211,0.4770206911964547
174,2025_1106_1211,0.13572534142183967
175,2025_1110_1211,0.12284415116166016
176,2025_1112_1211,0.45238860402528297
177,2025_1116_1211,0.26858503236921244
178,2025_1120_1211,0.7200362796508886
179,2025_1124_1211,0.3662829775383416
180,2025_1136_1211,0.19121874674560446
181,2025_1140_1211,0.45612277539563556
182,2025_1155_1211,0.4822564521808113
183,2025_1161_1211,0.262242494497161
184,2025_1163_1211,0.4421445962983703
185,2025_1166_1211,0.29997632357111575
186,2025_1179_1211,0.34261522696959995
187,2025_1181_1211,0.7524428660286171
188,2025_1188_1211,0.131648751634709
189,2025_1196_1211,0.7387959781153445
190,2025_1208_1211,0.28002930097925577
191,2025_1103_1213,0.4921064955504226
192,2025_1104_1213,0.8278673779863918
193,2025_1106_1213,0.38714066047755863
194,2025_1110_1213,0.35789378309778797
195,2025_1112_1213,0.7276484263137569
196,2025_1116_1213,0.6037535404783526
197,2025_1120_1213,0.9386143688427916
198,2025_1124_1213,0.6698853063854445
199,2025_1136_1213,0.46534145867103965
200,2025_1140_1213,0.7353258318339758
201,2025_1155_1213,0.786116865493255
202,2025_1161_1213,0.5537372827212637
203,2025_1163_1213,0.7496711614168746
204,2025_1166_1213,0.6301568510610991
205,2025_1179_1213,0.695875901359072
206,2025_1181_1213,0.9562847132427832
207,2025_1188_1213,0.39906339741083546
208,2025_1196_1213,0.9521613877548539
209,2025_1208_1213,0.5797038713296531
210,2025_1211_1213,0.7823616770329039
211,2025_1103_1219,0.46488825376088894
212,2025_1104_1219,0.7978098268548042
213,2025_1106_1219,0.3370079535903327
214,2025_1110_1219,0.3259275644868787
215,2025_1112_1219,0.7091848878270194
216,2025_1116_1219,0.5809400320356216
217,2025_1120_1219,0.9125690828027605
218,2025_1124_1219,0.6321224966718361
219,2025_1136_1219,0.4261909211387213
220,2025_1140_1219,0.7096076701900246
221,2025_1155_1219,0.7604841549874178
222,2025_1161_1219,0.528284741410116
223,2025_1163_1219,0.7148207957805686
224,2025_1166_1219,0.6143939476605585
225,2025_1179_1219,0.6555694850805306
226,2025_1181_1219,0.9398042923464066
227,2025_1188_1219,0.3394060493647806
228,2025_1196_1219,0.9366419942663855
229,2025_1208_1219,0.5517753206238828
230,2025_1211_1219,0.7249914160665348
231,2025_1213_1219,0.4675033695742797
232,2025_1103_1222,0.06277490413413478
233,2025_1104_1222,0.2936278776164239
234,2025_1106_1222,0.040675167843286585
235,2025_1110_1222,0.04194105788405971
236,2025_1112_1222,0.2618122695282916
237,2025_1116_1222,0.11812814824367228
238,2025_1120_1222,0.4722154438454067
239,2025_1124_1222,0.172401667703602
240,2025_1136_1222,0.03399265585968069
241,2025_1140_1222,0.2759105055142691
242,2025_1155_1222,0.2900021762472642
243,2025_1161_1222,0.09323158712879247
244,2025_1163_1222,0.24466984684612636
245,2025_1166_1222,0.13121928915886175
246,2025_1179_1222,0.1745368316149929
247,2025_1181_1222,0.5260817283123772
248,2025_1188_1222,0.044430075281758984
249,2025_1196_1222,0.4922441096740946
250,2025_1208_1222,0.10269977979563039
251,2025_1211_1222,0.24935460007505836
252,2025_1213_1222,0.056104603675215144
253,2025_1219_1222,0.08009823375439971
254,2025_1103_1228,0.23562757174885163
255,2025_1104_1228,0.5781964366269562
256,2025_1106_1228,0.17584981720554124
257,2025_1110_1228,0.14923208159966475
258,2025_1112_1228,0.5024474898809352
259,2025_1116_1228,0.31731334169064745
260,2025_1120_1228,0.7357240899568863
261,2025_1124_1228,0.39627817081989997
262,2025_1136_1228,0.19129938418943526
263,2025_1140_1228,0.5006969111710062
264,2025_1155_1228,0.5435044587684388
265,2025_1161_1228,0.3071038223138643
266,2025_1163_1228,0.494045994063729
267,2025_1166_1228,0.35524620055412837
268,2025_1179_1228,0.425583316363713
269,2025_1181_1228,0.7900025373504708
270,2025_1188_1228,0.16719200534223402
271,2025_1196_1228,0.7823247698504151
272,2025_1208_1228,0.3251318680047248
273,2025_1211_1228,0.5207960052651773
274,2025_1213_1228,0.24230911156075585
275,2025_1219_1228,0.28415783599431443
276,2025_1222_1228,0.734654638942365
277,2025_1103_1235,0.18503305690899566
278,2025_1104_1235,0.4859328818511419
279,2025_1106_1235,0.04402105246301169
280,2025_1110_1235,0.03860560771402957
281,2025_1112_1235,0.44152401734027963
282,2025_1116_1235,0.2829969319869366
283,2025_1120_1235,0.6651756604956369
284,2025_1124_1235,0.38166699279340016
285,2025_1136_1235,0.12201730919996441
286,2025_1140_1235,0.40449939782928584
287,2025_1155_1235,0.4610877024686391
288,2025_1161_1235,0.19868902673864988
289,2025_1163_1235,0.42571789567858137
290,2025_1166_1235,0.34112777486464424
291,2025_1179_1235,0.32449439890874504
292,2025_1181_1235,0.7394473343389771
293,2025_1188_1235,0.046535409583516284
294,2025_1196_1235,0.7226046302029809
295,2025_1208_1235,0.3232837003463382
296,2025_1211_1235,0.48544599316052817
297,2025_1213_1235,0.20041329223375112
298,2025_1219_1235,0.21455802741181287
299,2025_1222_1235,0.6704779613466242
300,2025_1228_1235,0.4597721940416873
301,2025_1103_1242,0.3267197618196178
302,2025_1104_1242,0.6133671476595732
303,2025_1106_1242,0.23746350031870275
304,2025_1110_1242,0.20988951841707726
305,2025_1112_1242,0.5671318171229275
306,2025_1116_1242,0.39184813015908987
307,2025_1120_1242,0.7834077430503433
308,2025_1124_1242,0.491570253291057
309,2025_1136_1242,0.27607129946988757
310,2025_1140_1242,0.5582744697269592
311,2025_1155_1242,0.611595935690265
312,2025_1161_1242,0.3640610591572
313,2025_1163_1242,0.5841352103883256
314,2025_1166_1242,0.44131598480015843
315,2025_1179_1242,0.47726978056212516
316,2025_1181_1242,0.8349708825070724
317,2025_1188_1242,0.2372783101528971
318,2025_1196_1242,0.8244446939570014
319,2025_1208_1242,0.40908558799962885
320,2025_1211_1242,0.6242649588975393
321,2025_1213_1242,0.3379556917508153
322,2025_1219_1242,0.3926789907759401
323,2025_1222_1242,0.7848740092156435
324,2025_1228_1242,0.6026369937075883
325,2025_1235_1242,0.6382362003578007
326,2025_1103_1246,0.2088883618257861
327,2025_1104_1246,0.53416359528648
328,2025_1106_1246,0.07380565008903951
329,2025_1110_1246,0.05808757175811241
330,2025_1112_1246,0.470918119330429
331,2025_1116_1246,0.31113618047266806
332,2025_1120_1246,0.7088611167173622
333,2025_1124_1246,0.4346428071079249
334,2025_1136_1246,0.15066165841449894
335,2025_1140_1246,0.4374899173333923
336,2025_1155_1246,0.5111481375475178
337,2025_1161_1246,0.23920273949848234
338,2025_1163_1246,0.4695690270290906
339,2025_1166_1246,0.36711826349419896
340,2025_1179_1246,0.364283489647035
341,2025_1181_1246,0.7833662777251486
342,2025_1188_1246,0.07002346534638365
343,2025_1196_1246,0.7679973368539987
344,2025_1208_1246,0.3467197446109365
345,2025_1211_1246,0.5095220227322647
346,2025_1213_1246,0.22768914508999114
347,2025_1219_1246,0.26466360188521043
348,2025_1222_1246,0.7122706545768981
349,2025_1228_1246,0.4946792413268679
350,2025_1235_1246,0.5792513114933825
351,2025_1242_1246,0.4191299768368819
352,2025_1103_1251,0.4284826239933326
353,2025_1104_1251,0.7489839975989424
354,2025_1106_1251,0.3349966788292657
355,2025_1110_1251,0.31400874891931885
356,2025_1112_1251,0.677203042990286
357,2025_1116_1251,0.5110623674017544
358,2025_1120_1251,0.9218454610054655
359,2025_1124_1251,0.6023224625894296
360,2025_1136_1251,0.3617137525665755
361,2025_1140_1251,0.6659147528028245
362,2025_1155_1251,0.7215473438834481
363,2025_1161_1251,0.4959276064982357
364,2025_1163_1251,0.7144969987362416
365,2025_1166_1251,0.5729925872792528
366,2025_1179_1251,0.5845671967364688
367,2025_1181_1251,0.9315478311645885
368,2025_1188_1251,0.3337354763455904
369,2025_1196_1251,0.9272883845456907
370,2025_1208_1251,0.5212709309497362
371,2025_1211_1251,0.7147978800188571
372,2025_1213_1251,0.40988575988927023
373,2025_1219_1251,0.5102887517936368
374,2025_1222_1251,0.9056311192688771
375,2025_1228_1251,0.6892777529882322
376,2025_1235_1251,0.76720295330295
377,2025_1242_1251,0.6134111364045491
378,2025_1246_1251,0.7339185057592633
379,2025_1103_1252,0.4759363079648089
380,2025_1104_1252,0.8297948578843463
381,2025_1106_1252,0.3564884295673206
382,2025_1110_1252,0.32598040579409854
383,2025_1112_1252,0.7324921595992878
384,2025_1116_1252,0.5658361259891985
385,2025_1120_1252,0.966196027448834
386,2025_1124_1252,0.6287809059242674
387,2025_1136_1252,0.4180267241358948
388,2025_1140_1252,0.7429132660707776
389,2025_1155_1252,0.785714463414443
390,2025_1161_1252,0.5533650553511459
391,2025_1163_1252,0.7417545504740052
392,2025_1166_1252,0.5956371535037986
393,2025_1179_1252,0.6780140279866598
394,2025_1181_1252,0.9691117384242967
395,2025_1188_1252,0.3720624379384024
396,2025_1196_1252,0.9679684281554618
397,2025_1208_1252,0.5541765277825048
398,2025_1211_1252,0.7597932480118748
399,2025_1213_1252,0.47519689957676703
400,2025_1219_1252,0.5450645325809863
401,2025_1222_1252,0.9656636869448375
402,2025_1228_1252,0.7710446910869746
403,2025_1235_1252,0.8675309996514183
404,2025_1242_1252,0.6761716274164383
405,2025_1246_1252,0.8214985514188181
406,2025_1251_1252,0.5719066974399799
407,2025_1103_1257,0.28815530909061154
408,2025_1104_1257,0.5949005983222114
409,2025_1106_1257,0.19484370900218395
410,2025_1110_1257,0.1539188395666391
411,2025_1112_1257,0.5241049732596249
412,2025_1116_1257,0.35731064541012875
413,2025_1120_1257,0.8016333441920619
414,2025_1124_1257,0.4665109813712313
415,2025_1136_1257,0.2366918426603957
416,2025_1140_1257,0.5534219128281503
417,2025_1155_1257,0.5892533475822355
418,2025_1161_1257,0.3095331781366715
419,2025_1163_1257,0.5572363427734803
420,2025_1166_1257,0.4103735004155051
421,2025_1179_1257,0.41691442366919823
422,2025_1181_1257,0.833009970184237
423,2025_1188_1257,0.18213260915163945
424,2025_1196_1257,0.8367428780329832
425,2025_1208_1257,0.3741346300193065
426,2025_1211_1257,0.6041418254717579
427,2025_1213_1257,0.2887011574081992
428,2025_1219_1257,0.34535902794258866
429,2025_1222_1257,0.773884269260587
430,2025_1228_1257,0.5840140480038327
431,2025_1235_1257,0.6054859944459218
432,2025_1242_1257,0.4952726780466425
433,2025_1246_1257,0.5737992382005715
434,2025_1251_1257,0.3337762173611429
435,2025_1252_1257,0.31361793652424624
436,2025_1103_1266,0.23632639561060076
437,2025_1104_1266,0.5412058685103124
438,2025_1106_1266,0.157159682597955
439,2025_1110_1266,0.1342711665957113
440,2025_1112_1266,0.4861675878093721
441,2025_1116_1266,0.29276186424666156
442,2025_1120_1266,0.6906286909073964
443,2025_1124_1266,0.401477046012046
444,2025_1136_1266,0.18804544732730055
445,2025_1140_1266,0.4809271569083052
446,2025_1155_1266,0.5277657697746572
447,2025_1161_1266,0.2736212705213263
448,2025_1163_1266,0.4874813192599914
449,2025_1166_1266,0.3618706710323736
450,2025_1179_1266,0.36962096927480115
451,2025_1181_1266,0.7602460490281248
452,2025_1188_1266,0.15608501582783577
453,2025_1196_1266,0.745297181902124
454,2025_1208_1266,0.3121135685229442
455,2025_1211_1266,0.511803706015835
456,2025_1213_1266,0.25990907370133987
457,2025_1219_1266,0.2902356476659042
458,2025_1222_1266,0.6842209706082052
459,2025_1228_1266,0.530408783027076
460,2025_1235_1266,0.5690074954085349
461,2025_1242_1266,0.44685208705812157
462,2025_1246_1266,0.549439174033448
463,2025_1251_1266,0.3069919157534808
464,2025_1252_1266,0.25386717538684467
465,2025_1257_1266,0.44363583389521116
466,2025_1103_1268,0.13624752874677734
467,2025_1104_1268,0.45638066772676494
468,2025_1106_1268,0.054054397956233624
469,2025_1110_1268,0.04481273817034625
470,2025_1112_1268,0.38922889352397433
471,2025_1116_1268,0.22296821511394513
472,2025_1120_1268,0.6455706740144893
473,2025_1124_1268,0.3205581455637276
474,2025_1136_1268,0.08102126248062348
475,2025_1140_1268,0.3700312418466001
476,2025_1155_1268,0.3950764265022035
477,2025_1161_1268,0.17138544107485323
478,2025_1163_1268,0.35495207563510056
479,2025_1166_1268,0.25452630041001173
480,2025_1179_1268,0.26766914976765727
481,2025_1181_1268,0.6991527788801716
482,2025_1188_1268,0.05262594292401502
483,2025_1196_1268,0.6722766778755629
484,2025_1208_1268,0.23079520330845926
485,2025_1211_1268,0.38010844856606
486,2025_1213_1268,0.1392426197722243
487,2025_1219_1268,0.17381065322846903
488,2025_1222_1268,0.6237851560187045
489,2025_1228_1268,0.401245724136216
490,2025_1235_1268,0.46454734407457204
491,2025_1242_1268,0.30687400199600373
492,2025_1246_1268,0.4110919898424718
493,2025_1251_1268,0.18826951710129944
494,2025_1252_1268,0.12863293301116976
495,2025_1257_1268,0.3254091346058065
496,2025_1266_1268,0.39015251116676763
497,2025_1103_1270,0.3603065256302913
498,2025_1104_1270,0.6217930589492408
499,2025_1106_1270,0.2773718585240431
500,2025_1110_1270,0.24246038381991789
501,2025_1112_1270,0.5821957393213343
502,2025_1116_1270,0.4532849250106182
503,2025_1120_1270,0.8446239506884036
504,2025_1124_1270,0.5268213268562641
505,2025_1136_1270,0.31171238032091503
506,2025_1140_1270,0.5860454141685806
507,2025_1155_1270,0.6268149042453702
508,2025_1161_1270,0.41778559119081454
509,2025_1163_1270,0.6190779219983452
510,2025_1166_1270,0.5056507311613222
511,2025_1179_1270,0.4988590118255036
512,2025_1181_1270,0.8761248164404792
513,2025_1188_1270,0.266795142677401
514,2025_1196_1270,0.8692196857044793
515,2025_1208_1270,0.4414755733199535
516,2025_1211_1270,0.6533913612028038
517,2025_1213_1270,0.33502562992346757
518,2025_1219_1270,0.4056121039522627
519,2025_1222_1270,0.8343166970947333
520,2025_1228_1270,0.6022209896951165
521,2025_1235_1270,0.6504493941059885
522,2025_1242_1270,0.525272585742952
523,2025_1246_1270,0.6464788991925393
524,2025_1251_1270,0.4248671805369088
525,2025_1252_1270,0.3705653174080134
526,2025_1257_1270,0.5666687373435768
527,2025_1266_1270,0.5980080180883031
528,2025_1268_1270,0.6920739939850789
529,2025_1103_1272,0.29488243526573393
530,2025_1104_1272,0.6349763936922365
531,2025_1106_1272,0.17280056154490742
532,2025_1110_1272,0.15430830348558378
533,2025_1112_1272,0.5684497472724326
534,2025_1116_1272,0.43323244482507767
535,2025_1120_1272,0.788208664568284
536,2025_1124_1272,0.5166879278547972
537,2025_1136_1272,0.2816612342080866
538,2025_1140_1272,0.5658784836391735
539,2025_1155_1272,0.6196929184884014
540,2025_1161_1272,0.35980903283385657
541,2025_1163_1272,0.5412870958330501
542,2025_1166_1272,0.4632796583837567
543,2025_1179_1272,0.5271313637606024
544,2025_1181_1272,0.8501821675059601
545,2025_1188_1272,0.17192803287786482
546,2025_1196_1272,0.8459551307502706
547,2025_1208_1272,0.43257122173614393
548,2025_1211_1272,0.6121820412013176
549,2025_1213_1272,0.3320571491035107
550,2025_1219_1272,0.34887800034736477
551,2025_1222_1272,0.8118268194909986
552,2025_1228_1272,0.6162998443649993
553,2025_1235_1272,0.6855304497698116
554,2025_1242_1272,0.5347495933856156
555,2025_1246_1272,0.6221658786425873
556,2025_1251_1272,0.3867546192092919
557,2025_1252_1272,0.33743196953831056
558,2025_1257_1272,0.5206483234753202
559,2025_1266_1272,0.6046350200992462
560,2025_1268_1272,0.701285137616324
561,2025_1270_1272,0.4932486560813614
562,2025_1103_1276,0.2907270963001475
563,2025_1104_1276,0.6333018514737921
564,2025_1106_1276,0.1617064910190878
565,2025_1110_1276,0.14852727491945042
566,2025_1112_1276,0.5697770333992551
567,2025_1116_1276,0.4276120740591927
568,2025_1120_1276,0.7838811873176702
569,2025_1124_1276,0.5216206909078371
570,2025_1136_1276,0.26329460175596353
571,2025_1140_1276,0.5746206314516423
572,2025_1155_1276,0.6226060505121597
573,2025_1161_1276,0.3757608662512279
574,2025_1163_1276,0.5813096627296529
575,2025_1166_1276,0.46763879971770944
576,2025_1179_1276,0.5078619399062669
577,2025_1181_1276,0.8421677567821356
578,2025_1188_1276,0.156752784906664
579,2025_1196_1276,0.8294792826984169
580,2025_1208_1276,0.42516671954367086
581,2025_1211_1276,0.6030527419153502
582,2025_1213_1276,0.3028636719481534
583,2025_1219_1276,0.3518237959773718
584,2025_1222_1276,0.783674651781426
585,2025_1228_1276,0.6217535546994303
586,2025_1235_1276,0.6578364579768741
587,2025_1242_1276,0.5398640401776071
588,2025_1246_1276,0.6178746361143562
589,2025_1251_1276,0.4038852262565154
590,2025_1252_1276,0.32438207328873014
591,2025_1257_1276,0.5365272162173579
592,2025_1266_1276,0.6048661329737618
593,2025_1268_1276,0.6927314312935717
594,2025_1270_1276,0.47690186074572005
595,2025_1272_1276,0.5010946479424017
596,2025_1103_1277,0.13016419165519602
597,2025_1104_1277,0.4829239619033269
598,2025_1106_1277,0.045437174869914616
599,2025_1110_1277,0.0398236540647865
600,2025_1112_1277,0.40818240347826285
601,2025_1116_1277,0.23561118538568268
602,2025_1120_1277,0.6425241826080562
603,2025_1124_1277,0.36085296531131666
604,2025_1136_1277,0.06505829200635736
605,2025_1140_1277,0.36886913293236473
606,2025_1155_1277,0.4299955395403876
607,2025_1161_1277,0.21164535488900238
608,2025_1163_1277,0.43204678643793054
609,2025_1166_1277,0.29706061505487824
610,2025_1179_1277,0.31631159143708737
611,2025_1181_1277,0.7045275610263707
612,2025_1188_1277,0.04308622060986128
613,2025_1196_1277,0.6850517832887447
614,2025_1208_1277,0.2790111862108692
615,2025_1211_1277,0.4689461234458019
616,2025_1213_1277,0.151702637007309
617,2025_1219_1277,0.17580745062369119
618,2025_1222_1277,0.6292391876236004
619,2025_1228_1277,0.42696089124978825
620,2025_1235_1277,0.502469365252202
621,2025_1242_1277,0.36563496073209506
622,2025_1246_1277,0.44966878747464967
623,2025_1251_1277,0.21482384831692372
624,2025_1252_1277,0.138698408395288
625,2025_1257_1277,0.3837231944158939
626,2025_1266_1277,0.4505173262561555
627,2025_1268_1277,0.5320631866299188
628,2025_1270_1277,0.3021866897751279
629,2025_1272_1277,0.34573687205361603
630,2025_1276_1277,0.3720184750354038
631,2025_1103_1279,0.29740800145275387
632,2025_1104_1279,0.5808388947967978
633,2025_1106_1279,0.23304937829780467
634,2025_1110_1279,0.2000435092664493
635,2025_1112_1279,0.5617883577008258
636,2025_1116_1279,0.40467984279049035
637,2025_1120_1279,0.7820878063147566
638,2025_1124_1279,0.5009875111432452
639,2025_1136_1279,0.2741379616195471
640,2025_1140_1279,0.5676372515779066
641,2025_1155_1279,0.6158040555852192
642,2025_1161_1279,0.3652239949015901
643,2025_1163_1279,0.5598212201868165
644,2025_1166_1279,0.43955502384173656
645,2025_1179_1279,0.5174967521973398
646,2025_1181_1279,0.8463995806876511
647,2025_1188_1279,0.23769802951807986
648,2025_1196_1279,0.8195808606284555
649,2025_1208_1279,0.3964512900020558
650,2025_1211_1279,0.603563294464629
651,2025_1213_1279,0.3187003092973783
652,2025_1219_1279,0.3690233926343323
653,2025_1222_1279,0.8021364973603579
654,2025_1228_1279,0.6105935906829504
655,2025_1235_1279,0.6579223379996778
656,2025_1242_1279,0.5242768333340261
657,2025_1246_1279,0.6163114331417893
658,2025_1251_1279,0.4124349065713271
659,2025_1252_1279,0.33558253243464636
660,2025_1257_1279,0.5389902270675185
661,2025_1266_1279,0.616643964653728
662,2025_1268_1279,0.6968959077204225
663,2025_1270_1279,0.49408196782391095
664,2025_1272_1279,0.46484868485179914
665,2025_1276_1279,0.4985253386012876
666,2025_1277_1279,0.6052434975684692
667,2025_1103_1280,0.320059304354136
668,2025_1104_1280,0.6049110618836054
669,2025_1106_1280,0.24277361227965455
670,2025_1110_1280,0.20264821897663632
671,2025_1112_1280,0.5527781507560563
672,2025_1116_1280,0.4141021688298732
673,2025_1120_1280,0.8008213783124706
674,2025_1124_1280,0.5294663383192142
675,2025_1136_1280,0.31069997368367025
676,2025_1140_1280,0.583549785136364
677,2025_1155_1280,0.6096253172277991
678,2025_1161_1280,0.3597934763615491
679,2025_1163_1280,0.5800199340156554
680,2025_1166_1280,0.4716989482336568
681,2025_1179_1280,0.4856367011813502
682,2025_1181_1280,0.861601634060734
683,2025_1188_1280,0.23025601973390486
684,2025_1196_1280,0.860831307343067
685,2025_1208_1280,0.4141714618626449
686,2025_1211_1280,0.6495569233418524
687,2025_1213_1280,0.32742214059339325
688,2025_1219_1280,0.37613899868202166
689,2025_1222_1280,0.8004673871577128
690,2025_1228_1280,0.6258527172837868
691,2025_1235_1280,0.638683163659407
692,2025_1242_1280,0.5386958677603554
693,2025_1246_1280,0.6094742271850511
694,2025_1251_1280,0.39639779709853307
695,2025_1252_1280,0.37858516991794816
696,2025_1257_1280,0.5467692612685456
697,2025_1266_1280,0.6118741210377507
698,2025_1268_1280,0.6887793376991159
699,2025_1270_1280,0.45729749773794043
700,2025_1272_1280,0.4903846922775199
701,2025_1276_1280,0.5231737569369055
702,2025_1277_1280,0.5984437710849441
703,2025_1279_1280,0.4920954232769603
704,2025_1103_1281,0.26343452269050355
705,2025_1104_1281,0.5643370951085258
706,2025_1106_1281,0.1881301309779825
707,2025_1110_1281,0.16521607230938165
708,2025_1112_1281,0.5251808610079255
709,2025_1116_1281,0.3435972419048594
710,2025_1120_1281,0.7394590496532857
711,2025_1124_1281,0.4440618670179284
712,2025_1136_1281,0.22858069371299314
713,2025_1140_1281,0.5092838616904455
714,2025_1155_1281,0.5641233321440215
715,2025_1161_1281,0.33346031058042325
716,2025_1163_1281,0.5075494881833503
717,2025_1166_1281,0.38778539193534395
718,2025_1179_1281,0.44495722440814234
719,2025_1181_1281,0.8089772024799359
720,2025_1188_1281,0.18950920557832984
721,2025_1196_1281,0.7983483863559925
722,2025_1208_1281,0.34883435041870275
723,2025_1211_1281,0.5490523986371579
724,2025_1213_1281,0.2853505313674036
725,2025_1219_1281,0.32055237274714204
726,2025_1222_1281,0.7559995095873333
727,2025_1228_1281,0.5635452352884912
728,2025_1235_1281,0.6177292484487245
729,2025_1242_1281,0.46695161607546193
730,2025_1246_1281,0.5748949681354375
731,2025_1251_1281,0.35167000041816804
732,2025_1252_1281,0.2770487783997596
733,2025_1257_1281,0.46461879296230557
734,2025_1266_1281,0.5486305386077237
735,2025_1268_1281,0.6569293367171735
736,2025_1270_1281,0.43326635835401134
737,2025_1272_1281,0.4436083108245266
738,2025_1276_1281,0.470091010910674
739,2025_1277_1281,0.5768776795944761
740,2025_1279_1281,0.45934576489593776
741,2025_1280_1281,0.45681592099205953
742,2025_1103_1285,0.5856293159449072
743,2025_1104_1285,0.9109015592080841
744,2025_1106_1285,0.4764247611030082
745,2025_1110_1285,0.45044155889618875
746,2025_1112_1285,0.8247131984324255
747,2025_1116_1285,0.6573679258099631
748,2025_1120_1285,0.9593217648832942
749,2025_1124_1285,0.722695998853991
750,2025_1136_1285,0.5543961233688164
751,2025_1140_1285,0.8313359413146428
752,2025_1155_1285,0.86544356924926
753,2025_1161_1285,0.6558242737488571
754,2025_1163_1285,0.8331808699156013
755,2025_1166_1285,0.6934712881538769
756,2025_1179_1285,0.7667319981373714
757,2025_1181_1285,0.946445861195024
758,2025_1188_1285,0.4991112533382304
759,2025_1196_1285,0.9515394439801202
760,2025_1208_1285,0.6514477511461908
761,2025_1211_1285,0.8494674545613412
762,2025_1213_1285,0.5860570233351914
763,2025_1219_1285,0.6567056219545542
764,2025_1222_1285,0.9594507850107284
765,2025_1228_1285,0.8534736796419148
766,2025_1235_1285,0.9333091215370105
767,2025_1242_1285,0.7628768597939626
768,2025_1246_1285,0.907465922613771
769,2025_1251_1285,0.6721158095381461
770,2025_1252_1285,0.6142367207767417
771,2025_1257_1285,0.7842652464934533
772,2025_1266_1285,0.8270597440219968
773,2025_1268_1285,0.9114691452886197
774,2025_1270_1285,0.7455936705830778
775,2025_1272_1285,0.7651387821173531
776,2025_1276_1285,0.8009715016659668
777,2025_1277_1285,0.92248648599949
778,2025_1279_1285,0.7455807208328699
779,2025_1280_1285,0.7241280555643316
780,2025_1281_1285,0.8174650509593361
781,2025_1103_1291,0.6471056466204256
782,2025_1104_1291,0.9476062176018664
783,2025_1106_1291,0.5463899704080283
784,2025_1110_1291,0.5098514436593655
785,2025_1112_1291,0.9042398183688908
786,2025_1116_1291,0.6963078112280326
787,2025_1120_1291,0.9583613502883116
788,2025_1124_1291,0.7726601116373221
789,2025_1136_1291,0.6177980768555078
790,2025_1140_1291,0.8625323368717535
791,2025_1155_1291,0.9359786878276317
792,2025_1161_1291,0.6630718109404677
793,2025_1163_1291,0.8629292914126904
794,2025_1166_1291,0.7419043995553487
795,2025_1179_1291,0.7719786904408631
796,2025_1181_1291,0.9387086228502692
797,2025_1188_1291,0.5566426270180364
798,2025_1196_1291,0.9507445486440065
799,2025_1208_1291,0.7094409959705238
800,2025_1211_1291,0.8893833514234134
801,2025_1213_1291,0.6362722150962189
802,2025_1219_1291,0.7040656909522859
803,2025_1222_1291,0.956622833281689
804,2025_1228_1291,0.87324887664864
805,2025_1235_1291,0.9677736706049639
806,2025_1242_1291,0.8156045486268427
807,2025_1246_1291,0.9499529750115335
808,2025_1251_1291,0.686485580893387
809,2025_1252_1291,0.6709826905438896
810,2025_1257_1291,0.8402346727308821
811,2025_1266_1291,0.8676791852778845
812,2025_1268_1291,0.9559670920994368
813,2025_1270_1291,0.7665313393761526
814,2025_1272_1291,0.8502919406962864
815,2025_1276_1291,0.8850684820619766
816,2025_1277_1291,0.9576092477104838
817,2025_1279_1291,0.780596512506499
818,2025_1280_1291,0.7789069152029416
819,2025_1281_1291,0.8468097443703407
820,2025_1285_1291,0.5827147293868161
821,2025_1103_1303,0.5746024615547727
822,2025_1104_1303,0.9170021809224315
823,2025_1106_1303,0.4749417330029722
824,2025_1110_1303,0.46125835899737405
825,2025_1112_1303,0.8597209948751813
826,2025_1116_1303,0.6411864709683166
827,2025_1120_1303,0.9690762188743395
828,2025_1124_1303,0.6969873378575642
829,2025_1136_1303,0.5523699054615138
830,2025_1140_1303,0.8116438047556865
831,2025_1155_1303,0.8495053519536288
832,2025_1161_1303,0.6291581869582786
833,2025_1163_1303,0.8017808284371443
834,2025_1166_1303,0.6749910742395966
835,2025_1179_1303,0.7384868785081465
836,2025_1181_1303,0.9601848763335664
837,2025_1188_1303,0.4901087551899492
838,2025_1196_1303,0.9633091703929856
839,2025_1208_1303,0.6222406458679238
840,2025_1211_1303,0.8280352293937664
841,2025_1213_1303,0.5804167147288596
842,2025_1219_1303,0.639700300114713
843,2025_1222_1303,0.9680621742026512
844,2025_1228_1303,0.8285452796966831
845,2025_1235_1303,0.9256890706892831
846,2025_1242_1303,0.7578225128515598
847,2025_1246_1303,0.8815642001300162
848,2025_1251_1303,0.6530017789855179
849,2025_1252_1303,0.6126725774479213
850,2025_1257_1303,0.768473516361634
851,2025_1266_1303,0.8284671137967053
852,2025_1268_1303,0.9307915163340961
853,2025_1270_1303,0.7267672778732172
854,2025_1272_1303,0.7282665504335606
855,2025_1276_1303,0.7689078002261757
856,2025_1277_1303,0.9348862441384244
857,2025_1279_1303,0.728598642169031
858,2025_1280_1303,0.7093935440805427
859,2025_1281_1303,0.8078961731018373
860,2025_1285_1303,0.538781326964545
861,2025_1291_1303,0.4279706379109345
862,2025_1103_1307,0.314260767500476
863,2025_1104_1307,0.6461666956932469
864,2025_1106_1307,0.3009635587840718
865,2025_1110_1307,0.2734032007674988
866,2025_1112_1307,0.5806734661774969
867,2025_1116_1307,0.4571121083475271
868,2025_1120_1307,0.821334299343404
869,2025_1124_1307,0.5576952109623328
870,2025_1136_1307,0.3376241167191747
871,2025_1140_1307,0.6083430021443915
872,2025_1155_1307,0.6494459416483068
873,2025_1161_1307,0.3951308196609176
874,2025_1163_1307,0.6360349334737664
875,2025_1166_1307,0.49605168207867356
876,2025_1179_1307,0.5348880011816183
877,2025_1181_1307,0.8605357942722746
878,2025_1188_1307,0.30362723382373263
879,2025_1196_1307,0.8505432351029185
880,2025_1208_1307,0.4531439846680221
881,2025_1211_1307,0.6875330164192163
882,2025_1213_1307,0.3315677128477897
883,2025_1219_1307,0.38409990124380783
884,2025_1222_1307,0.8270617724501396
885,2025_1228_1307,0.6487404459113418
886,2025_1235_1307,0.696833815949565
887,2025_1242_1307,0.5843969053663118
888,2025_1246_1307,0.6401693878588448
889,2025_1251_1307,0.4212443821598097
890,2025_1252_1307,0.368406292694402
891,2025_1257_1307,0.583830435000493
892,2025_1266_1307,0.650631860534353
893,2025_1268_1307,0.7233389203726378
894,2025_1270_1307,0.5046500760477196
895,2025_1272_1307,0.5220753469155482
896,2025_1276_1307,0.5595075118138881
897,2025_1277_1307,0.6572627143401109
898,2025_1279_1307,0.5411485398705845
899,2025_1280_1307,0.5502152745620504
900,2025_1281_1307,0.5973087386622086
901,2025_1285_1307,0.3120014057077201
902,2025_1291_1307,0.2730249348727005
903,2025_1303_1307,0.3237275560279623
904,2025_1103_1313,0.6690966373333221
905,2025_1104_1313,0.9433000049661127
906,2025_1106_1313,0.5768288899656995
907,2025_1110_1313,0.5528546087333291
908,2025_1112_1313,0.9091934687129074
909,2025_1116_1313,0.7268625479346943
910,2025_1120_1313,0.9617581831637493
911,2025_1124_1313,0.7866824159077813
912,2025_1136_1313,0.6358422093648484
913,2025_1140_1313,0.8663904511746748
914,2025_1155_1313,0.9393704809101809
915,2025_1161_1313,0.6993261240036475
916,2025_1163_1313,0.8637143957645224
917,2025_1166_1313,0.7580526589657156
918,2025_1179_1313,0.8050047861354575
919,2025_1181_1313,0.9401705381160371
920,2025_1188_1313,0.5830800091167953
921,2025_1196_1313,0.9474309225141159
922,2025_1208_1313,0.7219310369182459
923,2025_1211_1313,0.8985416573243808
924,2025_1213_1313,0.6772125249569552
925,2025_1219_1313,0.7292791807817832
926,2025_1222_1313,0.9466903929488466
927,2025_1228_1313,0.885695933989227
928,2025_1235_1313,0.9691471287201794
929,2025_1242_1313,0.8207418313183039
930,2025_1246_1313,0.9546510425392949
931,2025_1251_1313,0.7197267238548274
932,2025_1252_1313,0.7068082288087352
933,2025_1257_1313,0.8427715439778439
934,2025_1266_1313,0.8869295381235776
935,2025_1268_1313,0.9605005116132578
936,2025_1270_1313,0.7946954431885803
937,2025_1272_1313,0.8595075647951177
938,2025_1276_1313,0.8889851232896021
939,2025_1277_1313,0.9552875984262439
940,2025_1279_1313,0.808458114441318
941,2025_1280_1313,0.808811448884892
942,2025_1281_1313,0.8650602495675731
943,2025_1285_1313,0.6261307481869827
944,2025_1291_1313,0.5216893427558852
945,2025_1303_1313,0.5745296749285372
946,2025_1307_1313,0.7401298530165571
947,2025_1103_1314,0.373076767245294
948,2025_1104_1314,0.7026223211982637
949,2025_1106_1314,0.3292968615412337
950,2025_1110_1314,0.29901134734277107
951,2025_1112_1314,0.6310910882112104
952,2025_1116_1314,0.46814356962856785
953,2025_1120_1314,0.8786220230435765
954,2025_1124_1314,0.589919732077925
955,2025_1136_1314,0.3546900801365842
956,2025_1140_1314,0.6296801522306846
957,2025_1155_1314,0.6632412891483956
958,2025_1161_1314,0.4514921399378112
959,2025_1163_1314,0.6861282639131687
960,2025_1166_1314,0.5392239410744168
961,2025_1179_1314,0.5878758842790002
962,2025_1181_1314,0.9123121478082342
963,2025_1188_1314,0.33344825040885157
964,2025_1196_1314,0.9006226633707609
965,2025_1208_1314,0.4952043975191081
966,2025_1211_1314,0.7273968749030452
967,2025_1213_1314,0.3807007481029594
968,2025_1219_1314,0.4519598949802224
969,2025_1222_1314,0.8841145228436523
970,2025_1228_1314,0.6667272972854853
971,2025_1235_1314,0.7331289579847772
972,2025_1242_1314,0.5990451249813974
973,2025_1246_1314,0.70398187363577
974,2025_1251_1314,0.47094717215250226
975,2025_1252_1314,0.39912285424852767
976,2025_1257_1314,0.6153384984474505
977,2025_1266_1314,0.6584985679685028
978,2025_1268_1314,0.7682985414816293
979,2025_1270_1314,0.5542734938772615
980,2025_1272_1314,0.5450931831905046
981,2025_1276_1314,0.5868446227317827
982,2025_1277_1314,0.7235396216188098
983,2025_1279_1314,0.5382185618360192
984,2025_1280_1314,0.572946731991541
985,2025_1281_1314,0.6097427521895957
986,2025_1285_1314,0.3442449741436466
987,2025_1291_1314,0.3066611297320942
988,2025_1303_1314,0.32919180808525034
989,2025_1307_1314,0.5073695595205611
990,2025_1313_1314,0.26421388664898166
991,2025_1103_1328,0.4436185378865482
992,2025_1104_1328,0.7153099207364512
993,2025_1106_1328,0.3982894078149683
994,2025_1110_1328,0.36302936472936637
995,2025_1112_1328,0.6612788033075365
996,2025_1116_1328,0.536960390198978
997,2025_1120_1328,0.8908694550987546
998,2025_1124_1328,0.6431132163386141
999,2025_1136_1328,0.4638611102678949
1000,2025_1140_1328,0.6844695919366534
1001,2025_1155_1328,0.7118720099670406
1002,2025_1161_1328,0.4623106504468211
1003,2025_1163_1328,0.6891483339070428
1004,2025_1166_1328,0.5788379841087092
1005,2025_1179_1328,0.6139591992931576
1006,2025_1181_1328,0.9188541031978273
1007,2025_1188_1328,0.39506977792221604
1008,2025_1196_1328,0.914665436645309
1009,2025_1208_1328,0.541791457503049
1010,2025_1211_1328,0.7520347315150393
1011,2025_1213_1328,0.4654957100303166
1012,2025_1219_1328,0.5183286592014906
1013,2025_1222_1328,0.8875975940460855
1014,2025_1228_1328,0.7204089186835473
1015,2025_1235_1328,0.7272654148985075
1016,2025_1242_1328,0.6534497180142352
1017,2025_1246_1328,0.6994571537838624
1018,2025_1251_1328,0.5116309776296402
1019,2025_1252_1328,0.49981380857873553
1020,2025_1257_1328,0.659335076367576
1021,2025_1266_1328,0.7091748892030593
1022,2025_1268_1328,0.7849732111441984
1023,2025_1270_1328,0.6085455379543131
1024,2025_1272_1328,0.5988969741716292
1025,2025_1276_1328,0.6294110683778612
1026,2025_1277_1328,0.7201314922965251
1027,2025_1279_1328,0.5991230751031432
1028,2025_1280_1328,0.6152847034703484
1029,2025_1281_1328,0.6716555904328297
1030,2025_1285_1328,0.44984411000998975
1031,2025_1291_1328,0.3553751407071671
1032,2025_1303_1328,0.4269429347554663
1033,2025_1307_1328,0.5789453345192349
1034,2025_1313_1328,0.30630065947153845
1035,2025_1314_1328,0.5399358622590215
1036,2025_1103_1332,0.2614090251423166
1037,2025_1104_1332,0.6186081827759352
1038,2025_1106_1332,0.14212986129967567
1039,2025_1110_1332,0.1187205302490489
1040,2025_1112_1332,0.5390522292527665
1041,2025_1116_1332,0.3721782260727163
1042,2025_1120_1332,0.7812330439213081
1043,2025_1124_1332,0.47840972823217226
1044,2025_1136_1332,0.23811487259733308
1045,2025_1140_1332,0.5305460652225041
1046,2025_1155_1332,0.5779630634587708
1047,2025_1161_1332,0.30792473769441914
1048,2025_1163_1332,0.5239043372166466
1049,2025_1166_1332,0.409493239254559
1050,2025_1179_1332,0.48637963713248084
1051,2025_1181_1332,0.8337196212052008
1052,2025_1188_1332,0.14428876064909646
1053,2025_1196_1332,0.8175120211762176
1054,2025_1208_1332,0.3952714164439595
1055,2025_1211_1332,0.5692983515605067
1056,2025_1213_1332,0.2860445565445757
1057,2025_1219_1332,0.3198994135670572
1058,2025_1222_1332,0.7865478874376949
1059,2025_1228_1332,0.5751019739470381
1060,2025_1235_1332,0.6369750346153297
1061,2025_1242_1332,0.508698464987731
1062,2025_1246_1332,0.5917626722055539
1063,2025_1251_1332,0.33920617264882263
1064,2025_1252_1332,0.27404630373348843
1065,2025_1257_1332,0.49593770775404594
1066,2025_1266_1332,0.5684003884249405
1067,2025_1268_1332,0.6694782368248479
1068,2025_1270_1332,0.4408804018172697
1069,2025_1272_1332,0.49013005088611683
1070,2025_1276_1332,0.4915696136858207
1071,2025_1277_1332,0.621029157717138
1072,2025_1279_1332,0.4498654671413281
1073,2025_1280_1332,0.45716997868303166
1074,2025_1281_1332,0.5253847000670477
1075,2025_1285_1332,0.23315483135598059
1076,2025_1291_1332,0.12827005373807723
1077,2025_1303_1332,0.2068342410620326
1078,2025_1307_1332,0.4313672466601945
1079,2025_1313_1332,0.10999491614116348
1080,2025_1314_1332,0.38445838865741866
1081,2025_1328_1332,0.3270669807968145
1082,2025_1103_1345,0.28399238829085904
1083,2025_1104_1345,0.6060246578419028
1084,2025_1106_1345,0.15344248110441075
1085,2025_1110_1345,0.12913206658032003
1086,2025_1112_1345,0.5555844391125689
1087,2025_1116_1345,0.3900336051711187
1088,2025_1120_1345,0.7753541069944031
1089,2025_1124_1345,0.4781443147698477
1090,2025_1136_1345,0.20665885458618907
1091,2025_1140_1345,0.5279459226788933
1092,2025_1155_1345,0.5631412715344452
1093,2025_1161_1345,0.29044524740551764
1094,2025_1163_1345,0.5216650457091807
1095,2025_1166_1345,0.41156021543574295
1096,2025_1179_1345,0.4422271065522259
1097,2025_1181_1345,0.8288463152215856
1098,2025_1188_1345,0.15948192439430517
1099,2025_1196_1345,0.8196468797388073
1100,2025_1208_1345,0.40097496352236095
1101,2025_1211_1345,0.5744298471797451
1102,2025_1213_1345,0.3031794058562858
1103,2025_1219_1345,0.33794968092413363
1104,2025_1222_1345,0.7721377483660642
1105,2025_1228_1345,0.5724837798986954
1106,2025_1235_1345,0.6182027382934603
1107,2025_1242_1345,0.47614718892079894
1108,2025_1246_1345,0.5793038888821478
1109,2025_1251_1345,0.32744667869516797
1110,2025_1252_1345,0.29567143975719284
1111,2025_1257_1345,0.4925845920214924
1112,2025_1266_1345,0.5260337093780861
1113,2025_1268_1345,0.6620331792435009
1114,2025_1270_1345,0.4215758572056913
1115,2025_1272_1345,0.47704695800486774
1116,2025_1276_1345,0.4844292912863562
1117,2025_1277_1345,0.6122266219704893
1118,2025_1279_1345,0.42850607108670874
1119,2025_1280_1345,0.46260185555024663
1120,2025_1281_1345,0.5168389202828364
1121,2025_1285_1345,0.24476839718032553
1122,2025_1291_1345,0.1367189392055882
1123,2025_1303_1345,0.1621801303337541
1124,2025_1307_1345,0.4325984014213156
1125,2025_1313_1345,0.12628275599502203
1126,2025_1314_1345,0.3716065015350288
1127,2025_1328_1345,0.3243288988099924
1128,2025_1332_1345,0.4935150954335379
1129,2025_1103_1352,0.6057617105502676
1130,2025_1104_1352,0.9264108085124954
1131,2025_1106_1352,0.4826977312456726
1132,2025_1110_1352,0.4582829684905419
1133,2025_1112_1352,0.8519093781738921
1134,2025_1116_1352,0.6499448508263069
1135,2025_1120_1352,0.9699352220716456
1136,2025_1124_1352,0.6974172481898173
1137,2025_1136_1352,0.5639423172168795
1138,2025_1140_1352,0.8117795297539444
1139,2025_1155_1352,0.8373265336043438
1140,2025_1161_1352,0.647291700355071
1141,2025_1163_1352,0.8112879343618458
1142,2025_1166_1352,0.6788291817291325
1143,2025_1179_1352,0.7380543802023304
1144,2025_1181_1352,0.9664025397851104
1145,2025_1188_1352,0.4902856269950355
1146,2025_1196_1352,0.9662062973581085
1147,2025_1208_1352,0.6364850383162349
1148,2025_1211_1352,0.8530585638109279
1149,2025_1213_1352,0.5980535815709577
1150,2025_1219_1352,0.6449361512827643
1151,2025_1222_1352,0.9697220301489459
1152,2025_1228_1352,0.830999011229152
1153,2025_1235_1352,0.9140402071618373
1154,2025_1242_1352,0.764316878389466
1155,2025_1246_1352,0.8782090345287245
1156,2025_1251_1352,0.650928381586228
1157,2025_1252_1352,0.6187948409968375
1158,2025_1257_1352,0.772699496122013
1159,2025_1266_1352,0.8194800627665488
1160,2025_1268_1352,0.9240363863582931
1161,2025_1270_1352,0.7355744048741318
1162,2025_1272_1352,0.7398277909027887
1163,2025_1276_1352,0.7705915412461607
1164,2025_1277_1352,0.9391669677359166
1165,2025_1279_1352,0.7336120518134693
1166,2025_1280_1352,0.7374803935226034
1167,2025_1281_1352,0.7982103511548736
1168,2025_1285_1352,0.533408938366488
1169,2025_1291_1352,0.43349706781064384
1170,2025_1303_1352,0.5168438957139001
1171,2025_1307_1352,0.6724106804167321
1172,2025_1313_1352,0.4126634777979483
1173,2025_1314_1352,0.6446949338169633
1174,2025_1328_1352,0.5907064525929953
1175,2025_1332_1352,0.7611434337590547
1176,2025_1345_1352,0.827979040113326
1177,2025_1103_1361,0.39563709656990814
1178,2025_1104_1361,0.6748215780092343
1179,2025_1106_1361,0.3568937550041051
1180,2025_1110_1361,0.3301016853939501
1181,2025_1112_1361,0.6340465875175939
1182,2025_1116_1361,0.47626984567496233
1183,2025_1120_1361,0.8561456076899879
1184,2025_1124_1361,0.5755291196298243
1185,2025_1136_1361,0.3711568055177641
1186,2025_1140_1361,0.6345432522820046
1187,2025_1155_1361,0.6696221418345322
1188,2025_1161_1361,0.4579341404774966
1189,2025_1163_1361,0.6695947968386559
1190,2025_1166_1361,0.5315810908026517
1191,2025_1179_1361,0.5784611290550481
1192,2025_1181_1361,0.8967799735142666
1193,2025_1188_1361,0.3511316333692358
1194,2025_1196_1361,0.8836225959553703
1195,2025_1208_1361,0.46325707295722474
1196,2025_1211_1361,0.7076884326607219
1197,2025_1213_1361,0.392325310064712
1198,2025_1219_1361,0.455076156364409
1199,2025_1222_1361,0.8632407113765859
1200,2025_1228_1361,0.6462824592815574
1201,2025_1235_1361,0.7076638130004912
1202,2025_1242_1361,0.5780858913927248
1203,2025_1246_1361,0.7078002244412255
1204,2025_1251_1361,0.4855900982108882
1205,2025_1252_1361,0.4252110697244997
1206,2025_1257_1361,0.6201205064097444
1207,2025_1266_1361,0.6637738731052233
1208,2025_1268_1361,0.7596982577579383
1209,2025_1270_1361,0.5583298296059586
1210,2025_1272_1361,0.5397694545456361
1211,2025_1276_1361,0.5808203900632948
1212,2025_1277_1361,0.7054190641063717
1213,2025_1279_1361,0.5518638549094843
1214,2025_1280_1361,0.5693624724497438
1215,2025_1281_1361,0.6152165626218355
1216,2025_1285_1361,0.37158613500154386
1217,2025_1291_1361,0.3158323421970848
1218,2025_1303_1361,0.356028370373586
1219,2025_1307_1361,0.5114750733274024
1220,2025_1313_1361,0.26958112787629696
1221,2025_1314_1361,0.4732954844762969
1222,2025_1328_1361,0.4150437648431053
1223,2025_1332_1361,0.6010123670323202
1224,2025_1345_1361,0.6336402334550438
1225,2025_1352_1361,0.33153907095421115
1226,2025_1103_1384,0.6760464677262479
1227,2025_1104_1384,0.9575162228554627
1228,2025_1106_1384,0.5713137146364285
1229,2025_1110_1384,0.5239221778310451
1230,2025_1112_1384,0.9165539235919198
1231,2025_1116_1384,0.7207878072355353
1232,2025_1120_1384,0.9495213110805375
1233,2025_1124_1384,0.7904411911448689
1234,2025_1136_1384,0.6363383460744871
1235,2025_1140_1384,0.8823086080718481
1236,2025_1155_1384,0.9450995906133014
1237,2025_1161_1384,0.6847175306508279
1238,2025_1163_1384,0.875662881241461
1239,2025_1166_1384,0.7606116560249675
1240,2025_1179_1384,0.7828135000181353
1241,2025_1181_1384,0.92675928632256
1242,2025_1188_1384,0.578527980123184
1243,2025_1196_1384,0.9395845282759981
1244,2025_1208_1384,0.7253275351084705
1245,2025_1211_1384,0.904900321986078
1246,2025_1213_1384,0.6626035463266019
1247,2025_1219_1384,0.7276178519075628
1248,2025_1222_1384,0.9487110001975833
1249,2025_1228_1384,0.8889359042507762
1250,2025_1235_1384,0.9696229182311965
1251,2025_1242_1384,0.8344312058060024
1252,2025_1246_1384,0.9559890274478926
1253,2025_1251_1384,0.7120185148039871
1254,2025_1252_1384,0.701450817539127
1255,2025_1257_1384,0.8593843193864478
1256,2025_1266_1384,0.883075646960108
1257,2025_1268_1384,0.9624610875842613
1258,2025_1270_1384,0.785840274969146
1259,2025_1272_1384,0.8663389113049572
1260,2025_1276_1384,0.8961005284230664
1261,2025_1277_1384,0.9632150845041711
1262,2025_1279_1384,0.7984950157151167
1263,2025_1280_1384,0.7950390809636669
1264,2025_1281_1384,0.8657378700804234
1265,2025_1285_1384,0.6086771107911476
1266,2025_1291_1384,0.5137015967209498
1267,2025_1303_1384,0.5647841080000611
1268,2025_1307_1384,0.7383242883315245
1269,2025_1313_1384,0.4792068342229028
1270,2025_1314_1384,0.68079628258717
1271,2025_1328_1384,0.6660638505445249
1272,2025_1332_1384,0.8864132555843097
1273,2025_1345_1384,0.8991376663048687
1274,2025_1352_1384,0.5714479790874294
1275,2025_1361_1384,0.6938093149373791
1276,2025_1103_1385,0.1061661722030358
1277,2025_1104_1385,0.4508204282560935
1278,2025_1106_1385,0.0380840831488204
1279,2025_1110_1385,0.03418273810111284
1280,2025_1112_1385,0.37673105486904723
1281,2025_1116_1385,0.2027484663829265
1282,2025_1120_1385,0.6235296828954083
1283,2025_1124_1385,0.328808633727903
1284,2025_1136_1385,0.05804756241613931
1285,2025_1140_1385,0.35377506877201176
1286,2025_1155_1385,0.3982528342901013
1287,2025_1161_1385,0.17426942576480123
1288,2025_1163_1385,0.3843038918474131
1289,2025_1166_1385,0.26238954614028404
1290,2025_1179_1385,0.2936231721859334
1291,2025_1181_1385,0.6930304909721565
1292,2025_1188_1385,0.03595421109078555
1293,2025_1196_1385,0.6635074850640931
1294,2025_1208_1385,0.24849298037758413
1295,2025_1211_1385,0.4505197760256796
1296,2025_1213_1385,0.11327416151677831
1297,2025_1219_1385,0.13737241882136783
1298,2025_1222_1385,0.6227401482308969
1299,2025_1228_1385,0.39504702246424966
1300,2025_1235_1385,0.4963678559594488
1301,2025_1242_1385,0.329603575600627
1302,2025_1246_1385,0.4151572292752932
1303,2025_1251_1385,0.18988966617733957
1304,2025_1252_1385,0.10535869066207003
1305,2025_1257_1385,0.35343782214507424
1306,2025_1266_1385,0.42698969679581533
1307,2025_1268_1385,0.5032520926242694
1308,2025_1270_1385,0.26219808984819337
1309,2025_1272_1385,0.2921285765227748
1310,2025_1276_1385,0.33172368579895944
1311,2025_1277_1385,0.4593096786950639
1312,2025_1279_1385,0.3066932009759025
1313,2025_1280_1385,0.34686535244099675
1314,2025_1281_1385,0.3465360294922055
1315,2025_1285_1385,0.059433659588584285
1316,2025_1291_1385,0.03397714798741738
1317,2025_1303_1385,0.03967132094837994
1318,2025_1307_1385,0.2610560851542834
1319,2025_1313_1385,0.034261989488170684
1320,2025_1314_1385,0.20047431158987397
1321,2025_1328_1385,0.2093296494822802
1322,2025_1332_1385,0.32865186327295204
1323,2025_1345_1385,0.35777351951737213
1324,2025_1352_1385,0.0444401586249023
1325,2025_1361_1385,0.22294780957196159
1326,2025_1384_1385,0.03517602524521374
1327,2025_1103_1388,0.2394651350094249
1328,2025_1104_1388,0.536124846180924
1329,2025_1106_1388,0.13413373846334947
1330,2025_1110_1388,0.1259237077341452
1331,2025_1112_1388,0.4998728699792048
1332,2025_1116_1388,0.30030648761611306
1333,2025_1120_1388,0.7094751976269356
1334,2025_1124_1388,0.3843446267631856
1335,2025_1136_1388,0.1896347912007161
1336,2025_1140_1388,0.4626236144571296
1337,2025_1155_1388,0.5213761940855969
1338,2025_1161_1388,0.27547216025925253
1339,2025_1163_1388,0.47236008862659395
1340,2025_1166_1388,0.3343071673793685
1341,2025_1179_1388,0.38139624944221956
1342,2025_1181_1388,0.7620952951682832
1343,2025_1188_1388,0.13252028214152956
1344,2025_1196_1388,0.7465219141540032
1345,2025_1208_1388,0.3055696729707144
1346,2025_1211_1388,0.5130045557086508
1347,2025_1213_1388,0.2467891957873166
1348,2025_1219_1388,0.2897900037241965
1349,2025_1222_1388,0.7233845046797142
1350,2025_1228_1388,0.49044738792224013
1351,2025_1235_1388,0.5473469849427208
1352,2025_1242_1388,0.4120793719439804
1353,2025_1246_1388,0.5400989443914358
1354,2025_1251_1388,0.2899891802448988
1355,2025_1252_1388,0.2210581866296837
1356,2025_1257_1388,0.42735017545333137
1357,2025_1266_1388,0.48856044766317736
1358,2025_1268_1388,0.6301283494193134
1359,2025_1270_1388,0.3582082811711483
1360,2025_1272_1388,0.4110891500807345
1361,2025_1276_1388,0.4484647878687414
1362,2025_1277_1388,0.5381069723170834
1363,2025_1279_1388,0.41156334377912285
1364,2025_1280_1388,0.3916515050485521
1365,2025_1281_1388,0.4570051375373234
1366,2025_1285_1388,0.1853046710024879
1367,2025_1291_1388,0.10800634129075293
1368,2025_1303_1388,0.16643435467107173
1369,2025_1307_1388,0.3257177625441754
1370,2025_1313_1388,0.11350189073303464
1371,2025_1314_1388,0.29695756929457867
1372,2025_1328_1388,0.27632952439260045
1373,2025_1332_1388,0.4553419375440179
1374,2025_1345_1388,0.4829280237857064
1375,2025_1352_1388,0.14578532053994991
1376,2025_1361_1388,0.31483316651696897
1377,2025_1384_1388,0.09652787511722011
1378,2025_1385_1388,0.584111591993114
1379,2025_1103_1397,0.12310768646551733
1380,2025_1104_1397,0.4671456564418304
1381,2025_1106_1397,0.039573696103225475
1382,2025_1110_1397,0.03558103633312333
1383,2025_1112_1397,0.4202777440044259
1384,2025_1116_1397,0.25387078974798066
1385,2025_1120_1397,0.6340965382664819
1386,2025_1124_1397,0.34251334055770943
1387,2025_1136_1397,0.059883877268835546
1388,2025_1140_1397,0.3761882773074421
1389,2025_1155_1397,0.4314415569707608
1390,2025_1161_1397,0.20460968360487855
1391,2025_1163_1397,0.40814339876597766
1392,2025_1166_1397,0.2929698192477435
1393,2025_1179_1397,0.3077244185902423
1394,2025_1181_1397,0.7059876813317176
1395,2025_1188_1397,0.03908319085938377
1396,2025_1196_1397,0.6774317859149738
1397,2025_1208_1397,0.270264663775325
1398,2025_1211_1397,0.45106856117338956
1399,2025_1213_1397,0.13423715724559449
1400,2025_1219_1397,0.15224934677098081
1401,2025_1222_1397,0.6263777247895522
1402,2025_1228_1397,0.41042060292078314
1403,2025_1235_1397,0.4936072933805749
1404,2025_1242_1397,0.35216296827572613
1405,2025_1246_1397,0.45214724205418205
1406,2025_1251_1397,0.2306963417026404
1407,2025_1252_1397,0.13207884998736044
1408,2025_1257_1397,0.38278477935673205
1409,2025_1266_1397,0.43334030206336127
1410,2025_1268_1397,0.5384386801024886
1411,2025_1270_1397,0.3100646954887412
1412,2025_1272_1397,0.3229450959648111
1413,2025_1276_1397,0.35827180787934454
1414,2025_1277_1397,0.485475241229732
1415,2025_1279_1397,0.3247630175642547
1416,2025_1280_1397,0.3575460222152618
1417,2025_1281_1397,0.37403006957905793
1418,2025_1285_1397,0.08056216082775818
1419,2025_1291_1397,0.03577413492742824
1420,2025_1303_1397,0.04336316037171251
1421,2025_1307_1397,0.28271381311071525
1422,2025_1313_1397,0.03530294077106182
1423,2025_1314_1397,0.23395100584505224
1424,2025_1328_1397,0.22077134903249743
1425,2025_1332_1397,0.37230238322098547
1426,2025_1345_1397,0.4020380794110978
1427,2025_1352_1397,0.05289208480439786
1428,2025_1361_1397,0.24281791620899495
1429,2025_1384_1397,0.03385868404408499
1430,2025_1385_1397,0.5235798847701738
1431,2025_1388_1397,0.4356437619369879
1432,2025_1103_1400,0.3839426986052559
1433,2025_1104_1400,0.6713849495580423
1434,2025_1106_1400,0.33407832325367465
1435,2025_1110_1400,0.30906232547027507
1436,2025_1112_1400,0.5981552038481683
1437,2025_1116_1400,0.45073384177498266
1438,2025_1120_1400,0.8486149024638849
1439,2025_1124_1400,0.5624633744026319
1440,2025_1136_1400,0.3530177587882279
1441,2025_1140_1400,0.6000470633192303
1442,2025_1155_1400,0.6457721480203382
1443,2025_1161_1400,0.43017680385164514
1444,2025_1163_1400,0.6496831359334284
1445,2025_1166_1400,0.5133322867476352
1446,2025_1179_1400,0.5541977021097065
1447,2025_1181_1400,0.8833691943855068
1448,2025_1188_1400,0.3314008784874747
1449,2025_1196_1400,0.8869093640528863
1450,2025_1208_1400,0.45010806170654366
1451,2025_1211_1400,0.688545664834408
1452,2025_1213_1400,0.3888404619876355
1453,2025_1219_1400,0.4385483112973006
1454,2025_1222_1400,0.8520936871704436
1455,2025_1228_1400,0.6415566713598736
1456,2025_1235_1400,0.7005156502571893
1457,2025_1242_1400,0.5551592928168615
1458,2025_1246_1400,0.6789313303451173
1459,2025_1251_1400,0.44556626237925895
1460,2025_1252_1400,0.40036976829533294
1461,2025_1257_1400,0.5920589597465516
1462,2025_1266_1400,0.6412460194225126
1463,2025_1268_1400,0.7336722535922418
1464,2025_1270_1400,0.5365291876199466
1465,2025_1272_1400,0.5242623097742404
1466,2025_1276_1400,0.5584007668659375
1467,2025_1277_1400,0.6823968161771776
1468,2025_1279_1400,0.5489955504893372
1469,2025_1280_1400,0.5675207885118284
1470,2025_1281_1400,0.6061157354678574
1471,2025_1285_1400,0.34727258143147416
1472,2025_1291_1400,0.29906309677894144
1473,2025_1303_1400,0.3428877602399109
1474,2025_1307_1400,0.5010896504426675
1475,2025_1313_1400,0.2713246596411062
1476,2025_1314_1400,0.46525757915229177
1477,2025_1328_1400,0.4233937060752509
1478,2025_1332_1400,0.5716026251163063
1479,2025_1345_1400,0.6043129355748521
1480,2025_1352_1400,0.31874200533932173
1481,2025_1361_1400,0.46961494892826483
1482,2025_1384_1400,0.263812721136089
1483,2025_1385_1400,0.7507525101208424
1484,2025_1388_1400,0.6525307123797219
1485,2025_1397_1400,0.7254654546608648
1486,2025_1103_1401,0.2571817591792061
1487,2025_1104_1401,0.574250050995894
1488,2025_1106_1401,0.12466126291891653
1489,2025_1110_1401,0.11211498740578503
1490,2025_1112_1401,0.5401642570742003
1491,2025_1116_1401,0.41726674235900924
1492,2025_1120_1401,0.7480789583608783
1493,2025_1124_1401,0.4739000589668687
1494,2025_1136_1401,0.16949245533615073
1495,2025_1140_1401,0.5310419567523662
1496,2025_1155_1401,0.5744802424999402
1497,2025_1161_1401,0.300109410267087
1498,2025_1163_1401,0.5161286529370913
1499,2025_1166_1401,0.43638241406337785
1500,2025_1179_1401,0.4569266754935068
1501,2025_1181_1401,0.8075804367473861
1502,2025_1188_1401,0.11834006002524451
1503,2025_1196_1401,0.7955908446432515
1504,2025_1208_1401,0.3886101078110382
1505,2025_1211_1401,0.5781412932439408
1506,2025_1213_1401,0.27482013422191304
1507,2025_1219_1401,0.2964155033551879
1508,2025_1222_1401,0.763100868807523
1509,2025_1228_1401,0.5645917179651204
1510,2025_1235_1401,0.6234048160716125
1511,2025_1242_1401,0.4743431275027097
1512,2025_1246_1401,0.5641305985879327
1513,2025_1251_1401,0.33281232516800646
1514,2025_1252_1401,0.29199503157263246
1515,2025_1257_1401,0.4997135217997711
1516,2025_1266_1401,0.555280254622205
1517,2025_1268_1401,0.6606507980638878
1518,2025_1270_1401,0.4232187855368689
1519,2025_1272_1401,0.46205591237885885
1520,2025_1276_1401,0.47995881174495825
1521,2025_1277_1401,0.5827046561733658
1522,2025_1279_1401,0.4487365796835087
1523,2025_1280_1401,0.45800554439855573
1524,2025_1281_1401,0.5265972204182509
1525,2025_1285_1401,0.2248099597733156
1526,2025_1291_1401,0.10920231875264737
1527,2025_1303_1401,0.14587761578805758
1528,2025_1307_1401,0.4412902787031671
1529,2025_1313_1401,0.10859499219159187
1530,2025_1314_1401,0.37632809999873745
1531,2025_1328_1401,0.3486747224856554
1532,2025_1332_1401,0.5191623812203957
1533,2025_1345_1401,0.5234069201131676
1534,2025_1352_1401,0.14044183760874665
1535,2025_1361_1401,0.3718224141654806
1536,2025_1384_1401,0.08756774293728063
1537,2025_1385_1401,0.6645158048395198
1538,2025_1388_1401,0.5526081811182181
1539,2025_1397_1401,0.6361971207902083
1540,2025_1400_1401,0.38876574156179755
1541,2025_1103_1403,0.12824655750995093
1542,2025_1104_1403,0.4146597289207279
1543,2025_1106_1403,0.0353651483891417
1544,2025_1110_1403,0.03440250227049218
1545,2025_1112_1403,0.34990499269156006
1546,2025_1116_1403,0.18559657269738494
1547,2025_1120_1403,0.5870876505116022
1548,2025_1124_1403,0.2907740502618364
1549,2025_1136_1403,0.07306232268338923
1550,2025_1140_1403,0.31751887860028244
1551,2025_1155_1403,0.3633345839503854
1552,2025_1161_1403,0.15720597685901194
1553,2025_1163_1403,0.33625111455474155
1554,2025_1166_1403,0.2420504310757373
1555,2025_1179_1403,0.2323739187804459
1556,2025_1181_1403,0.6505620707458463
1557,2025_1188_1403,0.03410610160001832
1558,2025_1196_1403,0.6276806955165305
1559,2025_1208_1403,0.21239595933999555
1560,2025_1211_1403,0.35042076440190106
1561,2025_1213_1403,0.12143428437108043
1562,2025_1219_1403,0.15758846620730715
1563,2025_1222_1403,0.5757307303834597
1564,2025_1228_1403,0.34843001135249124
1565,2025_1235_1403,0.4289815397976857
1566,2025_1242_1403,0.2677865179288699
1567,2025_1246_1403,0.4050747267659662
1568,2025_1251_1403,0.17007282119780917
1569,2025_1252_1403,0.09749028295740549
1570,2025_1257_1403,0.30203272465157155
1571,2025_1266_1403,0.3581787942848628
1572,2025_1268_1403,0.4522092821243744
1573,2025_1270_1403,0.21468291652126803
1574,2025_1272_1403,0.2658453967719792
1575,2025_1276_1403,0.2997624796114036
1576,2025_1277_1403,0.4157175918831082
1577,2025_1279_1403,0.2766366849024167
1578,2025_1280_1403,0.29902320036724583
1579,2025_1281_1403,0.30719779051380447
1580,2025_1285_1403,0.057689973611877464
1581,2025_1291_1403,0.033878446244326545
1582,2025_1303_1403,0.059544438738861644
1583,2025_1307_1403,0.20932455038973105
1584,2025_1313_1403,0.03405756382269829
1585,2025_1314_1403,0.16923583425665542
1586,2025_1328_1403,0.1896952279437416
1587,2025_1332_1403,0.29914817786460196
1588,2025_1345_1403,0.3414462860249125
1589,2025_1352_1403,0.06108759295149635
1590,2025_1361_1403,0.18617883359196916
1591,2025_1384_1403,0.03591668959156358
1592,2025_1385_1403,0.45926554935914043
1593,2025_1388_1403,0.36490641597021756
1594,2025_1397_1403,0.4639755419899058
1595,2025_1400_1403,0.2012609991732525
1596,2025_1401_1403,0.3686241728795095
1597,2025_1103_1407,0.48233176179375464
1598,2025_1104_1407,0.7941762832575837
1599,2025_1106_1407,0.37016083912884884
1600,2025_1110_1407,0.34813954320608476
1601,2025_1112_1407,0.6903114224833956
1602,2025_1116_1407,0.5605150659888601
1603,2025_1120_1407,0.94975819600529
1604,2025_1124_1407,0.6073967931154179
1605,2025_1136_1407,0.4468069306085907
1606,2025_1140_1407,0.7075306662115709
1607,2025_1155_1407,0.7417115783038423
1608,2025_1161_1407,0.5512147072835354
1609,2025_1163_1407,0.7006965693728663
1610,2025_1166_1407,0.590563397985483
1611,2025_1179_1407,0.6494288704310748
1612,2025_1181_1407,0.963856347548432
1613,2025_1188_1407,0.36563279323314507
1614,2025_1196_1407,0.9648584812265598
1615,2025_1208_1407,0.520908004506254
1616,2025_1211_1407,0.7455226105850224
1617,2025_1213_1407,0.4763363643075709
1618,2025_1219_1407,0.5213992823689965
1619,2025_1222_1407,0.953384288859508
1620,2025_1228_1407,0.7373418099195236
1621,2025_1235_1407,0.8292041604720914
1622,2025_1242_1407,0.6425821123289327
1623,2025_1246_1407,0.8028170554344882
1624,2025_1251_1407,0.56835050626593
1625,2025_1252_1407,0.5221052693559055
1626,2025_1257_1407,0.6629467412377461
1627,2025_1266_1407,0.7175833958167664
1628,2025_1268_1407,0.7995036592196655
1629,2025_1270_1407,0.6265612980174043
1630,2025_1272_1407,0.6045773234286496
1631,2025_1276_1407,0.6515752823648823
1632,2025_1277_1407,0.8146002567378207
1633,2025_1279_1407,0.6256069055209371
1634,2025_1280_1407,0.6077985915910121
1635,2025_1281_1407,0.6730136883549748
1636,2025_1285_1407,0.4354526309687152
1637,2025_1291_1407,0.31744468410602655
1638,2025_1303_1407,0.40478797097493363
1639,2025_1307_1407,0.5819736080199746
1640,2025_1313_1407,0.3087000639342965
1641,2025_1314_1407,0.5612075994162158
1642,2025_1328_1407,0.4768376454474268
1643,2025_1332_1407,0.6595266571909396
1644,2025_1345_1407,0.6720928653325279
1645,2025_1352_1407,0.37839781544560736
1646,2025_1361_1407,0.5651584365202692
1647,2025_1384_1407,0.29061908833782146
1648,2025_1385_1407,0.8606518948351961
1649,2025_1388_1407,0.7330744312602079
1650,2025_1397_1407,0.8518408471067587
1651,2025_1400_1407,0.5729736004613042
1652,2025_1401_1407,0.6607442716244499
1653,2025_1403_1407,0.8948613337932629
1654,2025_1103_1417,0.27136839088771136
1655,2025_1104_1417,0.5719113143116402
1656,2025_1106_1417,0.20708636946428594
1657,2025_1110_1417,0.1776285379039545
1658,2025_1112_1417,0.5421183224104755
1659,2025_1116_1417,0.35488813374626943
1660,2025_1120_1417,0.7308295335976648
1661,2025_1124_1417,0.458506536380269
1662,2025_1136_1417,0.22130631650289057
1663,2025_1140_1417,0.5244059676102506
1664,2025_1155_1417,0.5573311539093008
1665,2025_1161_1417,0.3224862550415733
1666,2025_1163_1417,0.5275536932886257
1667,2025_1166_1417,0.4110506345939741
1668,2025_1179_1417,0.4046011877625461
1669,2025_1181_1417,0.7849222645723296
1670,2025_1188_1417,0.19964404117977294
1671,2025_1196_1417,0.7703180137929442
1672,2025_1208_1417,0.3562795070991054
1673,2025_1211_1417,0.5506046343314884
1674,2025_1213_1417,0.2754452180245079
1675,2025_1219_1417,0.3178883669406119
1676,2025_1222_1417,0.7180125513142276
1677,2025_1228_1417,0.5434711922589779
1678,2025_1235_1417,0.612255366613023
1679,2025_1242_1417,0.47804360061510326
1680,2025_1246_1417,0.5967464511575231
1681,2025_1251_1417,0.35270229524425534
1682,2025_1252_1417,0.28824443447706805
1683,2025_1257_1417,0.48666758686702427
1684,2025_1266_1417,0.5519908830806086
1685,2025_1268_1417,0.6562552381002643
1686,2025_1270_1417,0.4142519627400108
1687,2025_1272_1417,0.4527089246286226
1688,2025_1276_1417,0.4911515893029945
1689,2025_1277_1417,0.5789786275448502
1690,2025_1279_1417,0.45644072532672114
1691,2025_1280_1417,0.47116336621928206
1692,2025_1281_1417,0.5129623166683085
1693,2025_1285_1417,0.23935684566064705
1694,2025_1291_1417,0.16896705929454572
1695,2025_1303_1417,0.2253582751066863
1696,2025_1307_1417,0.3953292434980426
1697,2025_1313_1417,0.1625333084533919
1698,2025_1314_1417,0.3643280991842144
1699,2025_1328_1417,0.3267479508617453
1700,2025_1332_1417,0.5073265712842042
1701,2025_1345_1417,0.5391846122091201
1702,2025_1352_1417,0.20552734021435703
1703,2025_1361_1417,0.3464780980291609
1704,2025_1384_1417,0.145469680320173
1705,2025_1385_1417,0.6310313882382844
1706,2025_1388_1417,0.545508680389358
1707,2025_1397_1417,0.6262302582870395
1708,2025_1400_1417,0.373286777863749
1709,2025_1401_1417,0.5326058864461202
1710,2025_1403_1417,0.7078279341205357
1711,2025_1407_1417,0.2863585573980534
1712,2025_1103_1423,0.5195249823750733
1713,2025_1104_1423,0.8397701630952544
1714,2025_1106_1423,0.4040792947616583
1715,2025_1110_1423,0.3771959104780734
1716,2025_1112_1423,0.7595076489007521
1717,2025_1116_1423,0.6131669068634823
1718,2025_1120_1423,0.9686442854411502
1719,2025_1124_1423,0.6585327502983785
1720,2025_1136_1423,0.4819811962178812
1721,2025_1140_1423,0.7702648041396819
1722,2025_1155_1423,0.7938819040072053
1723,2025_1161_1423,0.594709918155112
1724,2025_1163_1423,0.7608352909523178
1725,2025_1166_1423,0.6414648666204533
1726,2025_1179_1423,0.7050211386858191
1727,2025_1181_1423,0.9689962937937686
1728,2025_1188_1423,0.4119039111773685
1729,2025_1196_1423,0.9692086863207968
1730,2025_1208_1423,0.5790210369620544
1731,2025_1211_1423,0.8057858884831166
1732,2025_1213_1423,0.50884413619924
1733,2025_1219_1423,0.5596339216723526
1734,2025_1222_1423,0.9690049848128592
1735,2025_1228_1423,0.788799414195366
1736,2025_1235_1423,0.878540883754674
1737,2025_1242_1423,0.6906419535715814
1738,2025_1246_1423,0.8584687818332526
1739,2025_1251_1423,0.5958475799354023
1740,2025_1252_1423,0.5416080315929731
1741,2025_1257_1423,0.7189813621027236
1742,2025_1266_1423,0.7634758464154677
1743,2025_1268_1423,0.8571507695387098
1744,2025_1270_1423,0.6700881922052467
1745,2025_1272_1423,0.6773379998974605
1746,2025_1276_1423,0.7227269198539242
1747,2025_1277_1423,0.8699072152723804
1748,2025_1279_1423,0.6787086052767891
1749,2025_1280_1423,0.6761510212380405
1750,2025_1281_1423,0.7406241766955525
1751,2025_1285_1423,0.4645232257308127
1752,2025_1291_1423,0.3604334926454216
1753,2025_1303_1423,0.4412623574338144
1754,2025_1307_1423,0.6266923743760965
1755,2025_1313_1423,0.34881739861723565
1756,2025_1314_1423,0.5954417699025335
1757,2025_1328_1423,0.5335586534591353
1758,2025_1332_1423,0.7228444038704479
1759,2025_1345_1423,0.7453603747609033
1760,2025_1352_1423,0.40911335542045624
1761,2025_1361_1423,0.6087871958832257
1762,2025_1384_1423,0.32251647673950057
1763,2025_1385_1423,0.9044285002189065
1764,2025_1388_1423,0.7847473105155425
1765,2025_1397_1423,0.9034677319544343
1766,2025_1400_1423,0.616525161010601
1767,2025_1401_1423,0.7156588911921004
1768,2025_1403_1423,0.9373167081977428
1769,2025_1407_1423,0.5286701739717063
1770,2025_1417_1423,0.734609748809376
1771,2025_1103_1429,0.3195943468556501
1772,2025_1104_1429,0.617021378279508
1773,2025_1106_1429,0.299903564383383
1774,2025_1110_1429,0.26717443791731543
1775,2025_1112_1429,0.5553769604972039
1776,2025_1116_1429,0.4297170522074462
1777,2025_1120_1429,0.7729282531665443
1778,2025_1124_1429,0.516455860870974
1779,2025_1136_1429,0.3243779411548308
1780,2025_1140_1429,0.5846306955874591
1781,2025_1155_1429,0.6091851248710053
1782,2025_1161_1429,0.3723045328084857
1783,2025_1163_1429,0.5986472099504886
1784,2025_1166_1429,0.47878485730142706
1785,2025_1179_1429,0.48692330956104907
1786,2025_1181_1429,0.8317457996445649
1787,2025_1188_1429,0.2904051562427581
1788,2025_1196_1429,0.8215879917944622
1789,2025_1208_1429,0.4173181437280625
1790,2025_1211_1429,0.6335288535269087
1791,2025_1213_1429,0.312189302521043
1792,2025_1219_1429,0.3627358259284792
1793,2025_1222_1429,0.7761427190443286
1794,2025_1228_1429,0.6217815149534243
1795,2025_1235_1429,0.6438268359060598
1796,2025_1242_1429,0.5539791258979122
1797,2025_1246_1429,0.6166519933285738
1798,2025_1251_1429,0.40716882502109447
1799,2025_1252_1429,0.3616246822505817
1800,2025_1257_1429,0.5528280677052844
1801,2025_1266_1429,0.6178955573958517
1802,2025_1268_1429,0.6777189293471162
1803,2025_1270_1429,0.46751076384054424
1804,2025_1272_1429,0.4907466838651318
1805,2025_1276_1429,0.5311277806111969
1806,2025_1277_1429,0.6120277785480398
1807,2025_1279_1429,0.5125715712269795
1808,2025_1280_1429,0.5197542648518242
1809,2025_1281_1429,0.5668583722841866
1810,2025_1285_1429,0.3032926660866177
1811,2025_1291_1429,0.26766293742312325
1812,2025_1303_1429,0.3109116773023728
1813,2025_1307_1429,0.4738531140540648
1814,2025_1313_1429,0.2313750140930585
1815,2025_1314_1429,0.42521620113603925
1816,2025_1328_1429,0.3827975973177135
1817,2025_1332_1429,0.5563375485408844
1818,2025_1345_1429,0.5545630823859594
1819,2025_1352_1429,0.29577760139775283
1820,2025_1361_1429,0.41225522336617937
1821,2025_1384_1429,0.22974271470965105
1822,2025_1385_1429,0.6796450329753928
1823,2025_1388_1429,0.6157183040008025
1824,2025_1397_1429,0.6790839998099849
1825,2025_1400_1429,0.4366399900799636
1826,2025_1401_1429,0.554141444320388
1827,2025_1403_1429,0.7519808411548853
1828,2025_1407_1429,0.36379551900450274
1829,2025_1417_1429,0.5666824876479514
1830,2025_1423_1429,0.3258898351269461
1831,2025_1103_1433,0.2650601930639198
1832,2025_1104_1433,0.5612542085869955
1833,2025_1106_1433,0.19608316492694364
1834,2025_1110_1433,0.1823411529884111
1835,2025_1112_1433,0.48738054923917046
1836,2025_1116_1433,0.32705423877668965
1837,2025_1120_1433,0.7322777127542665
1838,2025_1124_1433,0.4322996385741966
1839,2025_1136_1433,0.20885250609050796
1840,2025_1140_1433,0.5134297282247023
1841,2025_1155_1433,0.5287309736480661
1842,2025_1161_1433,0.3380966076226272
1843,2025_1163_1433,0.5412500985975879
1844,2025_1166_1433,0.4057704219185081
1845,2025_1179_1433,0.42124316275540946
1846,2025_1181_1433,0.78173835098207
1847,2025_1188_1433,0.17627029660408886
1848,2025_1196_1433,0.7532912715250054
1849,2025_1208_1433,0.3243951003331433
1850,2025_1211_1433,0.5468913865243176
1851,2025_1213_1433,0.23098375807230176
1852,2025_1219_1433,0.309936928814365
1853,2025_1222_1433,0.726377405426332
1854,2025_1228_1433,0.5177407286852894
1855,2025_1235_1433,0.579671262986111
1856,2025_1242_1433,0.4404615470541451
1857,2025_1246_1433,0.5574039579822238
1858,2025_1251_1433,0.3599646342850553
1859,2025_1252_1433,0.27201978967361296
1860,2025_1257_1433,0.49022739554592426
1861,2025_1266_1433,0.5540431675762291
1862,2025_1268_1433,0.6110545578101001
1863,2025_1270_1433,0.39074150680263825
1864,2025_1272_1433,0.36837280793951016
1865,2025_1276_1433,0.4472899432309973
1866,2025_1277_1433,0.5734020309729363
1867,2025_1279_1433,0.4322790222045641
1868,2025_1280_1433,0.45079988897767703
1869,2025_1281_1433,0.4747110440888396
1870,2025_1285_1433,0.19532006991452763
1871,2025_1291_1433,0.1535505709430203
1872,2025_1303_1433,0.20421423015431917
1873,2025_1307_1433,0.36646298623517576
1874,2025_1313_1433,0.14682740405481756
1875,2025_1314_1433,0.3239531395138508
1876,2025_1328_1433,0.3085664925754133
1877,2025_1332_1433,0.44368231559270194
1878,2025_1345_1433,0.5026613996432769
1879,2025_1352_1433,0.17970868490290903
1880,2025_1361_1433,0.34128968606995924
1881,2025_1384_1433,0.13626381142407498
1882,2025_1385_1433,0.612178506543734
1883,2025_1388_1433,0.535209018183499
1884,2025_1397_1433,0.6278117533988906
1885,2025_1400_1433,0.3625026913146267
1886,2025_1401_1433,0.4818415995977339
1887,2025_1403_1433,0.6868870492015694
1888,2025_1407_1433,0.26004953578877205
1889,2025_1417_1433,0.5117503160444768
1890,2025_1423_1433,0.21031017823617493
1891,2025_1429_1433,0.44248848943014973
1892,2025_1103_1435,0.28735169503608055
1893,2025_1104_1435,0.6000458014848137
1894,2025_1106_1435,0.2805832914850387
1895,2025_1110_1435,0.26097300912305693
1896,2025_1112_1435,0.5417540845560548
1897,2025_1116_1435,0.42580749096076237
1898,2025_1120_1435,0.799410197060729
1899,2025_1124_1435,0.5195788695019994
1900,2025_1136_1435,0.316956761802525
1901,2025_1140_1435,0.5657967817445767
1902,2025_1155_1435,0.6030065451994023
1903,2025_1161_1435,0.38150837453068576
1904,2025_1163_1435,0.5823666477520997
1905,2025_1166_1435,0.4668477102842814
1906,2025_1179_1435,0.5190400523059095
1907,2025_1181_1435,0.8528172774688455
1908,2025_1188_1435,0.28506508754926746
1909,2025_1196_1435,0.8471679212442611
1910,2025_1208_1435,0.3996965072687642
1911,2025_1211_1435,0.6437479837377068
1912,2025_1213_1435,0.3088519362896082
1913,2025_1219_1435,0.3622341323991372
1914,2025_1222_1435,0.8087418518716284
1915,2025_1228_1435,0.6025337207214484
1916,2025_1235_1435,0.642828770939689
1917,2025_1242_1435,0.52803526826123
1918,2025_1246_1435,0.6118678146495566
1919,2025_1251_1435,0.4133519735985749
1920,2025_1252_1435,0.36360127557810595
1921,2025_1257_1435,0.5365578701858431
1922,2025_1266_1435,0.6102092928983944
1923,2025_1268_1435,0.6780981713421325
1924,2025_1270_1435,0.48136719277996926
1925,2025_1272_1435,0.4557745829079563
1926,2025_1276_1435,0.49800762908005214
1927,2025_1277_1435,0.6200672409950544
1928,2025_1279_1435,0.4991390049469537
1929,2025_1280_1435,0.4935184194892879
1930,2025_1281_1435,0.5482222349556486
1931,2025_1285_1435,0.3038715465609389
1932,2025_1291_1435,0.2511667397287826
1933,2025_1303_1435,0.29795991102344893
1934,2025_1307_1435,0.45540419338364774
1935,2025_1313_1435,0.22831928314304503
1936,2025_1314_1435,0.4301106112390312
1937,2025_1328_1435,0.3547975734601265
1938,2025_1332_1435,0.5370512893238089
1939,2025_1345_1435,0.5494039768761295
1940,2025_1352_1435,0.26869999969263136
1941,2025_1361_1435,0.4288990595091991
1942,2025_1384_1435,0.22253654258968678
1943,2025_1385_1435,0.6924885139347724
1944,2025_1388_1435,0.6285438411496288
1945,2025_1397_1435,0.6695207745451209
1946,2025_1400_1435,0.43624826104916253
1947,2025_1401_1435,0.5422909392725449
1948,2025_1403_1435,0.7653338798027202
1949,2025_1407_1435,0.34969013017314543
1950,2025_1417_1435,0.5525239112821523
1951,2025_1423_1435,0.33202610927122556
1952,2025_1429_1435,0.5080236767567344
1953,2025_1433_1435,0.5924073636181665
1954,2025_1103_1458,0.2053846744075701
1955,2025_1104_1458,0.5388788699380821
1956,2025_1106_1458,0.0657776407584215
1957,2025_1110_1458,0.05360925997767624
1958,2025_1112_1458,0.473251233421965
1959,2025_1116_1458,0.297718556601324
1960,2025_1120_1458,0.7301699691437668
1961,2025_1124_1458,0.42980175885463057
1962,2025_1136_1458,0.13096894580173782
1963,2025_1140_1458,0.43260988869117717
1964,2025_1155_1458,0.5195226027134588
1965,2025_1161_1458,0.24373228020129603
1966,2025_1163_1458,0.4875640727521621
1967,2025_1166_1458,0.3637864549590179
1968,2025_1179_1458,0.367773596911511
1969,2025_1181_1458,0.7806473595306395
1970,2025_1188_1458,0.06206664639881282
1971,2025_1196_1458,0.7669909632788099
1972,2025_1208_1458,0.35016847965125475
1973,2025_1211_1458,0.5162685170913639
1974,2025_1213_1458,0.22914927235711047
1975,2025_1219_1458,0.2629241657284421
1976,2025_1222_1458,0.7230536552575598
1977,2025_1228_1458,0.493747585550665
1978,2025_1235_1458,0.5691308432637023
1979,2025_1242_1458,0.41790438140191893
1980,2025_1246_1458,0.5211762145892521
1981,2025_1251_1458,0.2628009833612605
1982,2025_1252_1458,0.16996280263206265
1983,2025_1257_1458,0.43507640746962806
1984,2025_1266_1458,0.4914753349556544
1985,2025_1268_1458,0.6019568242362175
1986,2025_1270_1458,0.35148820828844274
1987,2025_1272_1458,0.42194039510712916
1988,2025_1276_1458,0.4398726923192548
1989,2025_1277_1458,0.5468540696197421
1990,2025_1279_1458,0.3726943234380388
1991,2025_1280_1458,0.41619774543672566
1992,2025_1281_1458,0.43193266466341146
1993,2025_1285_1458,0.12244668641786478
1994,2025_1291_1458,0.057095922073358986
1995,2025_1303_1458,0.11271158023064652
1996,2025_1307_1458,0.3386802361985832
1997,2025_1313_1458,0.05227241040278773
1998,2025_1314_1458,0.27617898013631814
1999,2025_1328_1458,0.2950144598346345
2000,2025_1332_1458,0.44209196908558596
2001,2025_1345_1458,0.4572618316424966
2002,2025_1352_1458,0.12191725651147256
2003,2025_1361_1458,0.2901822796083165
2004,2025_1384_1458,0.041979242477871166
2005,2025_1385_1458,0.5941903446390545
2006,2025_1388_1458,0.5082587349567056
2007,2025_1397_1458,0.5938424967671662
2008,2025_1400_1458,0.3201761347947165
2009,2025_1401_1458,0.47543743540362104
2010,2025_1403_1458,0.6686580671184736
2011,2025_1407_1458,0.18461082107573215
2012,2025_1417_1458,0.4307417948547809
2013,2025_1423_1458,0.15305557665986588
2014,2025_1429_1458,0.40026045111902286
2015,2025_1433_1458,0.4379584999022675
2016,2025_1435_1458,0.3780224926810618
2017,2025_1103_1459,0.5044345682660062
2018,2025_1104_1459,0.8768189906277198
2019,2025_1106_1459,0.4002828351728556
2020,2025_1110_1459,0.3875691364660178
2021,2025_1112_1459,0.80181079245838
2022,2025_1116_1459,0.5803289339684875
2023,2025_1120_1459,0.9651509561970993
2024,2025_1124_1459,0.6307654168107476
2025,2025_1136_1459,0.47553205411926563
2026,2025_1140_1459,0.7552247913000972
2027,2025_1155_1459,0.8013323389469003
2028,2025_1161_1459,0.5857784727529162
2029,2025_1163_1459,0.7412727615535551
2030,2025_1166_1459,0.6175211296932598
2031,2025_1179_1459,0.6609009541069302
2032,2025_1181_1459,0.9698132739331795
2033,2025_1188_1459,0.40747056347205013
2034,2025_1196_1459,0.9697144739226792
2035,2025_1208_1459,0.5459203151418202
2036,2025_1211_1459,0.762403763123951
2037,2025_1213_1459,0.4861293687530232
2038,2025_1219_1459,0.5581905982189811
2039,2025_1222_1459,0.966508464999538
2040,2025_1228_1459,0.7624606434933922
2041,2025_1235_1459,0.8757286467693906
2042,2025_1242_1459,0.6931701721842304
2043,2025_1246_1459,0.8362899860357403
2044,2025_1251_1459,0.590826587844247
2045,2025_1252_1459,0.5539198492467862
2046,2025_1257_1459,0.709336339191255
2047,2025_1266_1459,0.7742552213963174
2048,2025_1268_1459,0.886751290878493
2049,2025_1270_1459,0.6567143978211387
2050,2025_1272_1459,0.6561664704177627
2051,2025_1276_1459,0.7135332896681582
2052,2025_1277_1459,0.9001980152484371
2053,2025_1279_1459,0.6722102941795419
2054,2025_1280_1459,0.6360351203230622
2055,2025_1281_1459,0.7433053762730135
2056,2025_1285_1459,0.46149691152131034
2057,2025_1291_1459,0.3543988852888153
2058,2025_1303_1459,0.44010707108589897
2059,2025_1307_1459,0.5794749343284668
2060,2025_1313_1459,0.339234534118044
2061,2025_1314_1459,0.5567130334274178
2062,2025_1328_1459,0.5140259164191064
2063,2025_1332_1459,0.7249980378236188
2064,2025_1345_1459,0.802457274054328
2065,2025_1352_1459,0.4014685055942273
2066,2025_1361_1459,0.5707202408996687
2067,2025_1384_1459,0.33419179969747237
2068,2025_1385_1459,0.9269474453500824
2069,2025_1388_1459,0.770224804221567
2070,2025_1397_1459,0.9380792329037347
2071,2025_1400_1459,0.583896408710811
2072,2025_1401_1459,0.7512260657478639
2073,2025_1403_1459,0.9231309967375104
2074,2025_1407_1459,0.50365114862223
2075,2025_1417_1459,0.7129132015451747
2076,2025_1423_1459,0.4684180687985006
2077,2025_1429_1459,0.6438359261140062
2078,2025_1433_1459,0.7367163676362507
2079,2025_1435_1459,0.6241406660497103
2080,2025_1458_1459,0.8465893976293808
2081,2025_1103_1462,0.38500726829730164
2082,2025_1104_1462,0.7145943872432463
2083,2025_1106_1462,0.3329576126692069
2084,2025_1110_1462,0.3112232433453185
2085,2025_1112_1462,0.643032191943364
2086,2025_1116_1462,0.4779689052789247
2087,2025_1120_1462,0.8669825544341635
2088,2025_1124_1462,0.594299462816067
2089,2025_1136_1462,0.3651470522031713
2090,2025_1140_1462,0.6406435641075731
2091,2025_1155_1462,0.6703982614203481
2092,2025_1161_1462,0.4312863837930152
2093,2025_1163_1462,0.6902796091113205
2094,2025_1166_1462,0.5472642654165384
2095,2025_1179_1462,0.5754466612759889
2096,2025_1181_1462,0.8992153025884727
2097,2025_1188_1462,0.3399768360972346
2098,2025_1196_1462,0.8893938344086907
2099,2025_1208_1462,0.5128600262747088
2100,2025_1211_1462,0.7459361475810238
2101,2025_1213_1462,0.3929159119152074
2102,2025_1219_1462,0.4531825081443787
2103,2025_1222_1462,0.8714916636036656
2104,2025_1228_1462,0.6794034245238855
2105,2025_1235_1462,0.7408792666939849
2106,2025_1242_1462,0.6285063523151516
2107,2025_1246_1462,0.7045834359182491
2108,2025_1251_1462,0.4527956716882035
2109,2025_1252_1462,0.38997576127926054
2110,2025_1257_1462,0.6275272670141921
2111,2025_1266_1462,0.6639575239642123
2112,2025_1268_1462,0.7769831618970734
2113,2025_1270_1462,0.546959306915701
2114,2025_1272_1462,0.5821580970672607
2115,2025_1276_1462,0.6124974320471845
2116,2025_1277_1462,0.7123769143684155
2117,2025_1279_1462,0.5575058032596639
2118,2025_1280_1462,0.5879587067283346
2119,2025_1281_1462,0.6248324714419569
2120,2025_1285_1462,0.3415101712671836
2121,2025_1291_1462,0.3160563053424342
2122,2025_1303_1462,0.33683371274589685
2123,2025_1307_1462,0.5213954596701843
2124,2025_1313_1462,0.2713968823610904
2125,2025_1314_1462,0.4916193986150177
2126,2025_1328_1462,0.4504987980511504
2127,2025_1332_1462,0.5899860311888434
2128,2025_1345_1462,0.6281695258737047
2129,2025_1352_1462,0.34132028417973087
2130,2025_1361_1462,0.4779902045348045
2131,2025_1384_1462,0.2672931151251308
2132,2025_1385_1462,0.7740805673179697
2133,2025_1388_1462,0.6969577658715814
2134,2025_1397_1462,0.758831782055986
2135,2025_1400_1462,0.5132369472783257
2136,2025_1401_1462,0.6241536592595817
2137,2025_1403_1462,0.8365681472860723
2138,2025_1407_1462,0.39504709755321904
2139,2025_1417_1462,0.6290855907506466
2140,2025_1423_1462,0.38422797304268164
2141,2025_1429_1462,0.5796171446124629
2142,2025_1433_1462,0.674808937307399
2143,2025_1435_1462,0.5626469269271478
2144,2025_1458_1462,0.7095672802384536
2145,2025_1459_1462,0.39377505540029883
2146,2025_1103_1463,0.4904513155568284
2147,2025_1104_1463,0.8307717649351408
2148,2025_1106_1463,0.3294359184651892
2149,2025_1110_1463,0.30267106116451686
2150,2025_1112_1463,0.7332315918923423
2151,2025_1116_1463,0.5892725810405172
2152,2025_1120_1463,0.9369681383752294
2153,2025_1124_1463,0.6506142789018513
2154,2025_1136_1463,0.43515168218628913
2155,2025_1140_1463,0.7283680319862631
2156,2025_1155_1463,0.7632609062078544
2157,2025_1161_1463,0.5200140189936983
2158,2025_1163_1463,0.7322627903734075
2159,2025_1166_1463,0.6180802962009825
2160,2025_1179_1463,0.6601981527098558
2161,2025_1181_1463,0.9510971157136114
2162,2025_1188_1463,0.3379305371031076
2163,2025_1196_1463,0.9480393571337592
2164,2025_1208_1463,0.577715399504977
2165,2025_1211_1463,0.7601593871989692
2166,2025_1213_1463,0.4779490489038487
2167,2025_1219_1463,0.5270470256538222
2168,2025_1222_1463,0.932228705608277
2169,2025_1228_1463,0.7571902731235225
2170,2025_1235_1463,0.8045144092720546
2171,2025_1242_1463,0.6625609816733595
2172,2025_1246_1463,0.7656376181057697
2173,2025_1251_1463,0.5372569003183982
2174,2025_1252_1463,0.4876931668501257
2175,2025_1257_1463,0.6812872613974909
2176,2025_1266_1463,0.7246095576537784
2177,2025_1268_1463,0.8233386323938413
2178,2025_1270_1463,0.5955877628201963
2179,2025_1272_1463,0.6533889710035408
2180,2025_1276_1463,0.7016352248827232
2181,2025_1277_1463,0.8389697572345588
2182,2025_1279_1463,0.6421315771808364
2183,2025_1280_1463,0.6446671896769655
2184,2025_1281_1463,0.6913109955007247
2185,2025_1285_1463,0.40317051134649856
2186,2025_1291_1463,0.29871190210967297
2187,2025_1303_1463,0.3719311439788206
2188,2025_1307_1463,0.6135567407728302
2189,2025_1313_1463,0.2929982041730053
2190,2025_1314_1463,0.5587267222040776
2191,2025_1328_1463,0.5230856594627451
2192,2025_1332_1463,0.6949272025344495
2193,2025_1345_1463,0.7164480914746084
2194,2025_1352_1463,0.38875812188826736
2195,2025_1361_1463,0.5608823443453989
2196,2025_1384_1463,0.26166377191860885
2197,2025_1385_1463,0.8779352293931556
2198,2025_1388_1463,0.7414264572505979
2199,2025_1397_1463,0.8824904785509488
2200,2025_1400_1463,0.5845487441435405
2201,2025_1401_1463,0.697280947547518
2202,2025_1403_1463,0.8784125130555905
2203,2025_1407_1463,0.4839340727193362
2204,2025_1417_1463,0.695259520816076
2205,2025_1423_1463,0.4521051093323023
2206,2025_1429_1463,0.6681109027278617
2207,2025_1433_1463,0.7321961102209107
2208,2025_1435_1463,0.6468342365913871
2209,2025_1458_1463,0.7801780422038962
2210,2025_1459_1463,0.4326355094263241
2211,2025_1462_1463,0.582941848874092
2212,2025_1103_1471,0.26084470694880446
2213,2025_1104_1471,0.5380614298957562
2214,2025_1106_1471,0.1988042118158683
2215,2025_1110_1471,0.18428584345527602
2216,2025_1112_1471,0.5137595172434447
2217,2025_1116_1471,0.36850711046393925
2218,2025_1120_1471,0.7966298089358786
2219,2025_1124_1471,0.4553729073210808
2220,2025_1136_1471,0.22345717552842817
2221,2025_1140_1471,0.5205282466422213
2222,2025_1155_1471,0.5443733371621713
2223,2025_1161_1471,0.3545917758952551
2224,2025_1163_1471,0.5363941253030277
2225,2025_1166_1471,0.42148166433103706
2226,2025_1179_1471,0.4309671237248196
2227,2025_1181_1471,0.8227397878554316
2228,2025_1188_1471,0.18856659001329157
2229,2025_1196_1471,0.791811157279279
2230,2025_1208_1471,0.36044334343274453
2231,2025_1211_1471,0.5634159236099373
2232,2025_1213_1471,0.23108453401194926
2233,2025_1219_1471,0.32103573821876863
2234,2025_1222_1471,0.7917012247379248
2235,2025_1228_1471,0.5040949606556749
2236,2025_1235_1471,0.6063534200496637
2237,2025_1242_1471,0.45292127214921546
2238,2025_1246_1471,0.5724190785438265
2239,2025_1251_1471,0.36346853488047953
2240,2025_1252_1471,0.2666440292965264
2241,2025_1257_1471,0.4815891775523467
2242,2025_1266_1471,0.5379330074782506
2243,2025_1268_1471,0.638310705743966
2244,2025_1270_1471,0.4035058614442038
2245,2025_1272_1471,0.38819888483722204
2246,2025_1276_1471,0.4747898332802431
2247,2025_1277_1471,0.5897504589398889
2248,2025_1279_1471,0.4268784468753821
2249,2025_1280_1471,0.4299517464014844
2250,2025_1281_1471,0.4627886464969821
2251,2025_1285_1471,0.21103026060214183
2252,2025_1291_1471,0.15517567713514668
2253,2025_1303_1471,0.19929590673085137
2254,2025_1307_1471,0.36979493590924983
2255,2025_1313_1471,0.13844671150676333
2256,2025_1314_1471,0.31774116172468275
2257,2025_1328_1471,0.31178839603938463
2258,2025_1332_1471,0.470519040908592
2259,2025_1345_1471,0.519290739356201
2260,2025_1352_1471,0.18433077431132605
2261,2025_1361_1471,0.3379471670570016
2262,2025_1384_1471,0.12906995315178382
2263,2025_1385_1471,0.6197602188900827
2264,2025_1388_1471,0.5432250078116782
2265,2025_1397_1471,0.6380451471894201
2266,2025_1400_1471,0.3711933579833826
2267,2025_1401_1471,0.4837695294076267
2268,2025_1403_1471,0.7187878670940183
2269,2025_1407_1471,0.2568196114828713
2270,2025_1417_1471,0.5130039075743796
2271,2025_1423_1471,0.24764087919124686
2272,2025_1429_1471,0.45609503430116777
2273,2025_1433_1471,0.5053109294873726
2274,2025_1435_1471,0.42067573181545453
2275,2025_1458_1471,0.5728782951908099
2276,2025_1459_1471,0.23431944977377464
2277,2025_1462_1471,0.3400073023641636
2278,2025_1463_1471,0.3148171842926108
